time,DEU,ITA,CHE
2014-01-01,14.289420655928241,7.130865123843551,2.1283991767606665
2014-01-02,14.750637992626407,5.760536960211871,2.4542416135731413
2014-01-03,14.396230096285505,5.395230614804699,2.2902676744256265
2014-01-04,15.564196240751528,14.00860558022026,3.5866249262251784
2014-01-05,15.062283567820561,24.693200918322553,2.852989415973204
2014-01-06,15.144780015126706,6.578502118814447,2.0847113638450745
2014-01-07,15.643380908674574,6.293453562430347,2.105509060660608
2014-01-08,14.869589850892021,6.309379366997673,2.1789599219919906
2014-01-09,15.210174269614406,6.538294991326166,2.132239452091074
2014-01-10,16.55633470135821,6.354807901407144,2.332965880983772
2014-01-11,14.989526451546917,6.3449418381541545,2.0264316041997317
2014-01-12,14.410243714465125,6.362947378449075,1.9635278105512957
2014-01-13,13.908348131358522,6.672658747879483,2.263769361494164
2014-01-14,14.254295028949414,13.135081665231827,2.5989331486728706
2014-01-15,13.699922740673381,8.409253646167471,1.8955974107286244
2014-01-16,14.220133461392951,6.804634147837531,2.506068674485808
2014-01-17,14.005710564926172,13.06794818615438,2.4732426141138655
2014-01-18,13.764269220132524,13.415459701984197,2.356796805743867
2014-01-19,14.499732930860937,23.860201981526565,2.546682009797653
2014-01-20,14.44572103394503,23.360338100233893,2.603621143372134
2014-01-21,13.993467201366288,24.36239161858698,2.1575255766893866
2014-01-22,13.539673048790783,11.70565452564325,2.0414421534177873
2014-01-23,13.5229856737759,11.745145335608372,2.108147964714014
2014-01-24,13.350940224716329,20.801229971371733,2.009320434540841
2014-01-25,13.245235065276185,10.822035845798583,1.935582642041039
2014-01-26,13.26801579404789,9.0883500186731,2.0144360815627564
2014-01-27,13.372468421975501,10.818063949457876,2.1169906280019344
2014-01-28,13.13635597824649,11.508891904647204,1.8395891089229812
2014-01-29,13.042162584532496,9.804633468790854,1.8262897971144765
2014-01-30,12.971107032420168,15.579970274107371,1.8704869943239624
2014-01-31,13.247222491933226,20.553769517491975,1.8623408039847185
2014-02-01,14.160305806590413,38.910105534123915,2.066387014620451
2014-02-02,13.152661033161172,33.76082769279379,2.0212652888431752
2014-02-03,13.436620740334964,44.790154004711006,2.3371460156574346
2014-02-04,13.30668296076655,20.708887599447305,2.3331862553532483
2014-02-05,13.107053691986698,18.599787224578037,2.4884823517706582
2014-02-06,13.32310561348007,19.98289133942514,3.4871305807062996
2014-02-07,14.098702962306255,16.81096293559608,2.8243417679834657
2014-02-08,13.234062927535852,18.32139866542989,2.2046122592834165
2014-02-09,12.70955462259515,22.744692446862423,1.9822901051569546
2014-02-10,12.601553418960135,20.025542095702594,2.3128183205463566
2014-02-11,12.80898092855582,17.53421424966196,1.9106053744761542
2014-02-12,12.601688015795736,17.63970110837401,1.8131654740875562
2014-02-13,13.485498060333011,14.28270177670942,2.5498571663669694
2014-02-14,12.65876262052593,13.81803369139222,1.7758951023888319
2014-02-15,13.939443869913969,13.497102783013947,2.5417675412406653
2014-02-16,13.998465653999556,15.529361637693667,2.106593794064736
2014-02-17,12.901684325842675,16.147570178395842,1.8994978961496432
2014-02-18,12.787937061213045,12.7595587930953,1.8139384652824246
2014-02-19,14.816446862025945,19.435748821307552,2.060024883663202
2014-02-20,12.988825372893162,13.381782118202176,1.77783516023576
2014-02-21,13.955244586506536,14.419143547233134,2.277121814647293
2014-02-22,12.737671723497856,13.90054551085586,1.8458028233822559
2014-02-23,12.585088680832744,11.284461791009537,1.7540904002919604
2014-02-24,12.509776122228558,11.398646836334585,1.6926672833154774
2014-02-25,12.441138601104731,10.785131600101543,1.7089649731738175
2014-02-26,12.615911828733019,12.161421558255526,2.380174424530292
2014-02-27,13.086514972501377,11.550297989767746,1.871485072191911
2014-02-28,12.778683291267093,12.581904009039,1.9087284407577974
2014-03-01,12.327116064036666,18.298155406055965,2.116130067154128
2014-03-02,12.342320974194724,13.212377197482768,1.6836642117881218
2014-03-03,12.692992649482232,13.769181732571424,1.8875724567817673
2014-03-04,13.496785584397008,17.916425035609763,1.8496056115501325
2014-03-05,13.130078685576802,13.262569032592516,1.7274502010230721
2014-03-06,12.112346894853088,13.21250306115676,1.6647547169778811
2014-03-07,11.755983730260617,13.28761103455457,1.6805902444383451
2014-03-08,11.700622594762102,12.267126259824096,1.7774746093399276
2014-03-09,11.574101918667479,12.40925427820084,1.7736964069953356
2014-03-10,11.493684845796269,12.754296648822393,1.8004411428871134
2014-03-11,11.40321135490983,12.424225954841239,1.7310332210083836
2014-03-12,11.315346362931072,11.270019363974916,1.786195226411673
2014-03-13,11.225009225116333,10.696437466702193,1.7941298883302474
2014-03-14,11.120876826025858,11.361318780909155,1.8598888917860712
2014-03-15,13.055337691249822,11.910860633322915,1.9302869136367842
2014-03-16,12.346187902778038,11.796895980600691,2.1009449271814247
2014-03-17,10.862770689385155,12.518425284831563,2.1776180523902777
2014-03-18,10.811666810746772,12.74706450217287,2.3287210957324853
2014-03-19,12.494406220080046,13.377245093948197,2.8109560887120337
2014-03-20,10.564161744870859,12.674653301034537,2.412856378060549
2014-03-21,10.48277700216881,14.738136840897399,2.818991653522957
2014-03-22,13.622739263908098,19.428064548070235,3.841489427535011
2014-03-23,12.01674129839166,23.32371082071837,2.1850806727484726
2014-03-24,10.613563068161302,16.571166939747418,1.629997993341245
2014-03-25,10.581476721750562,14.492985828884827,1.5438767294996625
2014-03-26,10.766906664925378,14.531269318995152,1.60474391634476
2014-03-27,11.66708884133067,18.892702697811053,1.6846234700604228
2014-03-28,12.23676924962486,15.165909722473256,1.7606395085508517
2014-03-29,11.13429899004014,11.154695066649536,1.8273178455412276
2014-03-30,9.99769605102541,11.341491117368903,1.9790524033777
2014-03-31,10.304694838166931,12.180014927043088,1.9264794416658806
2014-04-01,10.191881935700211,12.537482245502718,2.2399449917751677
2014-04-02,10.181326254675977,12.83078647178975,2.318759121529952
2014-04-03,10.25801827593738,15.26643687894624,2.9364812925943373
2014-04-04,10.11340649633277,18.519368840290213,3.1453625751946603
2014-04-05,17.201130801287782,23.307992728926937,4.025950289407936
2014-04-06,12.09655885613778,22.34226799005156,4.228136013723366
2014-04-07,10.083285835503025,18.251958241937,4.156500298324951
2014-04-08,16.310791404487297,18.582881633015308,5.6117117505488885
2014-04-09,10.831768181559303,15.179842127270081,2.866051581584114
2014-04-10,9.920487237045442,16.227241034638787,3.3343571296560595
2014-04-11,9.038500795823179,17.78706312559732,3.818604185040772
2014-04-12,11.884215890806304,21.2020472444193,3.8442469194456668
2014-04-13,14.271777526776079,21.18931753171065,4.150718680148084
2014-04-14,12.835624139928713,18.126999471624153,3.4943312298508875
2014-04-15,9.272780104563221,14.458984906485659,2.07809001204723
2014-04-16,8.754525934897705,13.481910147942614,1.9579639150659727
2014-04-17,8.309016859530564,13.143043699394623,2.33221398876636
2014-04-18,10.102134516867038,13.64209477938837,2.3376724435053666
2014-04-19,11.5367933366541,13.63129241740325,2.160874950312418
2014-04-20,11.185894033286122,14.462033575317928,2.865464647628271
2014-04-21,14.685927322002213,17.031915787453425,3.668079543588171
2014-04-22,11.620962182810574,16.23127946221112,3.668434713214682
2014-04-23,9.112613471807292,18.726538047831195,4.145571033644222
2014-04-24,8.193255199853905,17.571725919293506,4.470352903983906
2014-04-25,9.039885093151828,19.079160682412983,5.82069094066362
2014-04-26,10.338071192837734,26.17024170020415,7.990874756721088
2014-04-27,15.945783407671877,24.722198040272616,5.0026220992198605
2014-04-28,12.169573173326187,22.025667799353272,4.2740521714686635
2014-04-29,10.081859753758716,20.678542898606572,4.165249538129076
2014-04-30,20.921947264720238,18.63681100506578,4.4724015281880325
2014-05-01,14.897818697177962,16.76757687576208,5.234494918372883
2014-05-02,17.165870003552598,18.847727262891784,5.830590180122071
2014-05-03,17.373700711919735,22.126188497596416,5.09163574203221
2014-05-04,8.769080107517192,16.48246808470208,3.339996512160785
2014-05-05,8.13023857265546,14.632546717787054,4.0355261051646965
2014-05-06,8.346066819557167,15.878043300398126,4.821996150133789
2014-05-07,18.167125035510875,18.633246407098856,7.4448090670278235
2014-05-08,8.92715555289999,17.016148762332605,4.306747875563928
2014-05-09,12.214364814505451,19.10705115044654,5.6920197998143465
2014-05-10,10.921834221823268,20.712519687711293,6.12611306075103
2014-05-11,20.956873331532794,24.009014598459256,7.522273730528185
2014-05-12,9.943110522373434,13.201498501564018,3.6318642720500756
2014-05-13,12.502625170511568,13.530370823426924,3.641284881042051
2014-05-14,18.525889579620397,12.936577766290624,3.372913308588018
2014-05-15,15.96284197702785,12.039111188213534,2.868041405551875
2014-05-16,16.07421423700973,13.556122668500699,3.066450692096103
2014-05-17,14.485727765849594,13.781730519385752,3.514207794055263
2014-05-18,11.488979127971145,14.146598528576684,3.9412583921754685
2014-05-19,11.814980041243757,15.648590618858437,4.012046575694147
2014-05-20,11.770931626785565,14.033921587428178,4.515643111230232
2014-05-21,11.828534767347875,14.954440098347153,4.93914566538503
2014-05-22,12.085523759289577,24.621817883509397,8.915090933274389
2014-05-23,13.818776553361925,27.442200448304796,12.572517903802357
2014-05-24,13.201989309104036,14.250646857842977,5.262970692579684
2014-05-25,11.634952660500355,13.721336186707981,5.048522639477638
2014-05-26,17.26914388361717,15.804362430170748,6.5059151936906705
2014-05-27,27.42364059784614,15.428184968372442,7.167873336029356
2014-05-28,15.008217834358524,13.588932262130594,5.328515001310322
2014-05-29,16.095132692760103,14.783808377882789,5.405528699091637
2014-05-30,17.756581622729552,15.047823590736563,5.27065815404022
2014-05-31,10.348219523544541,14.845617217995146,4.329880952675239
2014-06-01,10.90078047163372,15.744487358440843,5.682160115466059
2014-06-02,11.13225429859544,14.398148688710341,6.708254722137778
2014-06-03,14.232664930861528,15.9492721067782,6.72550356591258
2014-06-04,19.852582925103484,16.546735444945288,8.60982837234844
2014-06-05,15.068093711563455,15.303599585194386,7.634867128169195
2014-06-06,11.387648620235227,14.031257402988505,8.41019030451323
2014-06-07,11.321594497357024,17.356283471428192,9.292983760131008
2014-06-08,11.940539625769896,15.544865968610333,8.868861146805411
2014-06-09,12.779407056915497,16.794718705561724,8.36959289008599
2014-06-10,13.673239123533065,15.166117571382244,7.480390358349224
2014-06-11,12.414044567017134,14.717633720597666,7.52928802128555
2014-06-12,14.034012619526326,15.484976426010869,8.710591910089608
2014-06-13,15.25697009466699,15.039399532453233,8.8155449199207
2014-06-14,12.466515926287212,20.405284927364544,8.75245355610783
2014-06-15,11.279888311844926,19.541674209235918,8.865675548470016
2014-06-16,9.45024006400557,16.53109073079139,8.288368927550918
2014-06-17,10.111749064186448,18.59094308005516,8.700960520512837
2014-06-18,10.968190749812738,17.324297051104008,9.615589162366764
2014-06-19,14.32698957551886,15.372491766796287,10.128028789932202
2014-06-20,17.73857437879477,12.897613467098493,10.828125547045616
2014-06-21,12.383433621801505,12.76732482134461,11.26893698125705
2014-06-22,9.303141179263305,12.761452546417226,11.711615846556432
2014-06-23,14.32469961399058,14.767834641687326,13.459207558184346
2014-06-24,24.828474538917895,15.967338258268255,13.393717134423294
2014-06-25,20.027551354963233,15.696593876994973,14.184057424281734
2014-06-26,8.724685037981505,13.107379102061673,11.9784429087502
2014-06-27,9.004577392438316,13.622565226287543,12.630598171302474
2014-06-28,10.437717251397126,14.85908907083915,14.259053290565559
2014-06-29,34.00907535304269,35.81132803053406,26.699638206370746
2014-06-30,17.458649480000247,12.248133918159976,13.294177758488392
2014-07-01,10.358948112979336,13.196081178877755,13.9959644791296
2014-07-02,18.065586701279603,15.837923111509742,15.952426735459348
2014-07-03,8.560413902129229,9.461145316875045,14.512389275000883
2014-07-04,13.109320234325832,13.354758202659786,17.86577272399436
2014-07-05,13.225582607847496,10.345993146408912,15.143002671107812
2014-07-06,8.768331080557717,12.072183369291112,16.91096851106369
2014-07-07,11.999355908036062,18.439083294169222,17.454949407590394
2014-07-08,25.920373711525922,30.83675585437818,21.833686407224274
2014-07-09,25.666029147113118,12.334744556137714,15.93491496396034
2014-07-10,12.680085746628178,10.56964520599548,13.45388875894118
2014-07-11,31.915617011423254,10.340654610944103,19.750666284821207
2014-07-12,21.340851622715906,12.825752288300684,15.366281413396216
2014-07-13,17.32931046364866,13.254721146330322,15.166014119480026
2014-07-14,13.924326643316776,13.220357820985692,14.625567724720366
2014-07-15,9.882705040172821,9.671987080179935,15.127004183867097
2014-07-16,10.63894383381984,10.813952531094994,15.183545628763149
2014-07-17,9.991227449636401,10.310916969973047,16.77744189929175
2014-07-18,13.513908280713483,10.004819172227833,14.092726736422064
2014-07-19,9.566173275341937,9.474687855165598,13.881778456166836
2014-07-20,15.173251632479634,12.017302196171121,17.262709056892657
2014-07-21,62.91258705392699,17.281987456034674,21.54658947992348
2014-07-22,70.92398931568772,12.171950517751315,23.895410398831874
2014-07-23,12.22524770544641,15.525253450557676,17.527353211030167
2014-07-24,12.058093243602213,17.64379673435603,15.161961585640277
2014-07-25,13.756964641583908,10.7557687757893,13.606261224576714
2014-07-26,59.40941049976573,22.461596385287162,16.034838111511046
2014-07-27,37.28043825175875,10.232151540316886,14.64703443312259
2014-07-28,20.788037419579535,14.770006043330577,22.999925607198758
2014-07-29,38.47346566534061,21.289562136978677,19.537701146659863
2014-07-30,76.94462002131962,20.345742287801603,18.728032149375316
2014-07-31,81.319894374986,11.146715496695146,17.357811134101553
2014-08-01,25.661178717481615,13.211493138777318,16.374677919314564
2014-08-02,36.86109231195668,18.228554251460658,22.0649049654824
2014-08-03,60.839855534262185,15.273262792467907,19.465102103849528
2014-08-04,32.45488934558603,12.12873876797423,17.434940660147618
2014-08-05,43.00773037555099,11.90500364916692,17.229341262018643
2014-08-06,34.84573298453836,10.07491481831512,16.233639659479238
2014-08-07,40.40624316667882,13.222856618558161,15.884247918918145
2014-08-08,31.104858577887796,12.396963415457591,15.388593307597969
2014-08-09,40.81391347371702,14.825349159875618,17.830397494617568
2014-08-10,28.426956226377047,13.156036710711351,17.62055202572349
2014-08-11,38.40072058205147,16.634487402335647,19.278415936762407
2014-08-12,29.203571114314038,20.642355740640998,14.800340320607647
2014-08-13,79.4293272150243,52.357011151342526,30.617288331615114
2014-08-14,29.268544509484673,13.622533562346248,13.999329851234139
2014-08-15,32.965348052468336,13.878561734145807,14.58520189066074
2014-08-16,30.73941352185206,11.923184150470805,13.100138205723164
2014-08-17,23.818162805442544,10.725659411001372,12.354671735531461
2014-08-18,27.25110095413341,11.3768546716292,13.147326584172749
2014-08-19,31.094200168161098,19.104772029641016,14.834213365669095
2014-08-20,33.34908461417175,18.35680574219925,14.952335467988666
2014-08-21,26.609515679540156,12.35161583197374,12.938918626975836
2014-08-22,23.033457827579984,12.231516988275741,12.638776511045329
2014-08-23,31.91540390792621,22.62148184525268,14.4908302552528
2014-08-24,29.053399060763365,10.336449569038873,11.812363402262342
2014-08-25,23.348034077130656,10.37795188615514,11.41344207130785
2014-08-26,32.09682008464207,14.426490958204393,21.55282865193679
2014-08-27,34.064236746905046,10.090693098963891,14.385444484206193
2014-08-28,21.37295505618447,10.630410465136793,12.208641083817595
2014-08-29,22.716880401737203,10.677206095387913,13.917027492284971
2014-08-30,34.08789199620222,12.32443568093361,13.243962093913135
2014-08-31,46.3393972565345,15.874877566115975,16.660109678509336
2014-09-01,37.08014678909986,12.49146207909624,13.366731453013621
2014-09-02,23.139533605781114,9.942207364367993,10.936921023503276
2014-09-03,26.422591080802736,10.758370134569539,11.201596318968988
2014-09-04,24.951155560767862,10.514124082885049,11.476919131883596
2014-09-05,35.72746143280771,13.420499934676608,12.986145370170432
2014-09-06,22.56044399008519,12.795195661346119,11.864548281208055
2014-09-07,21.514736030350246,9.973712336570099,11.331522680048044
2014-09-08,21.032445802669198,9.649123304885201,11.627735901808911
2014-09-09,29.61941374181082,10.553241757969449,11.671104851007536
2014-09-10,30.55744281932679,13.200649786994887,11.978183772321866
2014-09-11,32.79976891425999,11.310915411796149,13.188537665923313
2014-09-12,24.83522654088439,8.609377602355707,10.516069763212633
2014-09-13,23.920488971045543,7.699484435190186,10.091154336317292
2014-09-14,20.794200396332574,7.301983175529748,9.58636336077034
2014-09-15,20.6652259487397,9.716691993409325,10.149757747907065
2014-09-16,20.381011122981903,9.455511424898498,9.947040581178692
2014-09-17,19.973706653808268,8.972299897669938,10.192652145323587
2014-09-18,20.419563563439294,9.468548775628111,10.521875094027353
2014-09-19,24.53807926279416,9.082030912301718,12.842768662252492
2014-09-20,23.13753537126126,8.418904098871721,11.068463824511435
2014-09-21,29.52278529320294,7.515371861161608,11.555554899549751
2014-09-22,39.8759513755368,6.70103457521455,10.074391900635243
2014-09-23,18.976759933803585,7.25227150807932,8.271205363825278
2014-09-24,24.795178485314448,6.672454002963032,9.975395758231198
2014-09-25,31.239909538316887,7.215776606039773,9.203890505179372
2014-09-26,18.816534887071345,6.154683484361998,8.20018831930246
2014-09-27,18.552805476262233,5.730734835880463,8.158593173286954
2014-09-28,18.51276176833635,5.602163462137879,8.315977447180757
2014-09-29,18.40193286838109,5.86244368373416,8.346789073920558
2014-09-30,28.73149876327483,6.664182048537703,9.409331105810066
2014-10-01,32.373977164492,8.304489854205409,8.232209134027766
2014-10-02,17.90056011589196,6.069406060587887,7.652523889776394
2014-10-03,17.705218405256915,7.560684834544722,7.625818219459569
2014-10-04,17.37934175099692,8.624110733476789,7.728584559401078
2014-10-05,18.54014238045445,10.001096913740525,8.338364367946788
2014-10-06,17.23540107434111,9.392138591973032,8.17026442182416
2014-10-07,17.564265896024583,8.424717321132123,8.750883372804893
2014-10-08,17.132115528568118,7.495646376856598,8.325146319698439
2014-10-09,18.14782759573932,7.7275601507766325,8.418112749803274
2014-10-10,16.53171818369197,9.808603559759213,8.562531527041246
2014-10-11,23.32232278891067,14.304353430591764,10.891239289846487
2014-10-12,16.341492083908836,7.022940102572674,8.252760166127437
2014-10-13,19.81461218416275,33.34414708767646,20.621301637027248
2014-10-14,26.706486064657003,6.343620413625076,8.548555441995035
2014-10-15,20.034483170134997,5.504708453198426,8.293865274685931
2014-10-16,17.8277746955729,5.345580730885862,7.770789067462762
2014-10-17,21.988934975969936,5.8385411585804805,9.008314263135224
2014-10-18,14.983562355703437,5.274169228201951,6.834126775611018
2014-10-19,14.917735153229971,4.932826984129127,7.189435048651409
2014-10-20,17.544552131080753,5.871224795394799,7.391325682550635
2014-10-21,35.39635576088329,7.539987819260819,12.152831694422966
2014-10-22,19.894549700283147,6.5383773338600975,6.118850516687823
2014-10-23,25.578745440186086,6.454299116397023,5.492534571327037
2014-10-24,19.705105664868555,5.274074924710034,5.255794340252917
2014-10-25,21.180725403267235,4.883589146955608,5.422263508439235
2014-10-26,20.949276543625306,4.438381547996977,5.247424526034032
2014-10-27,17.098316511515172,4.953103188504161,5.025127901790478
2014-10-28,17.40044826051099,5.301571342145085,4.891098969095594
2014-10-29,16.560369823934554,4.777780601599985,4.993806944509601
2014-10-30,16.911525733715784,5.6458215192380035,4.8545228251708314
2014-10-31,17.725998284619177,4.4799501406783495,4.868978916350654
2014-11-01,17.439441880016712,4.0622037843865,4.601046439255976
2014-11-02,17.040343069243317,3.9715574855056537,4.412960013954508
2014-11-03,16.700333805803982,6.1332850698575285,4.880670833758874
2014-11-04,17.763797318600727,24.841321325530018,9.912462959345541
2014-11-05,34.166907923611426,60.3359961190556,13.277854518606956
2014-11-06,19.828039555935973,26.69320139657608,4.939813265632108
2014-11-07,20.926869731550198,19.543869316654856,4.728314937629338
2014-11-08,20.632191672657655,11.890384612787246,4.570592222593495
2014-11-09,16.074917648963194,10.794318217187628,5.660773204676828
2014-11-10,17.080628297452094,34.6024771766851,9.38980674220298
2014-11-11,16.147736238696144,33.06214016558301,12.266862731759995
2014-11-12,16.37349362557212,36.667141116618005,14.094260613900182
2014-11-13,18.29722681696839,16.96030643212408,6.622546804850085
2014-11-14,15.700300128582679,14.042399710669233,5.966945005881499
2014-11-15,17.740870740847363,47.075575437150526,13.910033577032296
2014-11-16,22.629271465308594,23.022408008969357,7.158864671197514
2014-11-17,15.916527469794879,23.91437472899344,7.2131639645042105
2014-11-18,20.125210798906277,20.183304400412464,5.799307664431215
2014-11-19,16.96432964861625,14.535997643032507,5.628919125064962
2014-11-20,15.674026938508579,14.552206416058981,5.153461832513612
2014-11-21,15.686698272866956,13.83826712477788,4.984821456721015
2014-11-22,15.522774889451314,13.305879261062033,4.833531741596681
2014-11-23,15.414693027439027,12.786845288907376,4.702378077437668
2014-11-24,15.458133040831779,12.316681857433162,4.613603783076661
2014-11-25,15.334924809599357,12.301800214495744,4.604456891177849
2014-11-26,15.675386066319454,14.151488555707315,4.604614227137064
2014-11-27,15.25085233428166,13.26127411467362,4.46542415325324
2014-11-28,15.128511928099655,13.926307801211,4.492089553468593
2014-11-29,15.107099224322955,11.811415982912138,4.184167141532892
2014-11-30,15.23301579576518,14.194055712664946,4.311671903313735
2014-12-01,15.874934738236044,25.467741300051273,5.907418837076415
2014-12-02,15.890548214903143,12.440844418544986,3.988956253239577
2014-12-03,15.278034807303184,13.852405795782488,4.027774915033077
2014-12-04,15.698128460556509,12.325101738924742,3.9288815369603167
2014-12-05,14.794707502376715,11.822731899193828,3.533805617350272
2014-12-06,14.488193460187134,10.720388932098466,3.4889138912872806
2014-12-07,14.596917253932853,9.627649710849896,3.393084074786956
2014-12-08,14.392728480046165,9.320360406606552,3.4627725645204337
2014-12-09,14.158272372192432,10.470068781096817,3.4936632963085534
2014-12-10,14.172828940176563,8.582578712284382,3.412135449329965
2014-12-11,14.898849942934104,8.653132628484121,3.5985712454659304
2014-12-12,15.602363304042433,8.646779961011163,3.1512736314736065
2014-12-13,14.660347011905847,8.217379241245155,3.1493697164742187
2014-12-14,13.942579350571027,8.64747171997497,3.345761719154747
2014-12-15,13.865496479466819,8.852921553959257,3.373171992569055
2014-12-16,17.397559208690257,13.564952327910571,3.4658827847403075
2014-12-17,15.556617573271545,8.408039844375494,3.5093383137323637
2014-12-18,19.32470167928356,8.297431831302495,4.095817055371564
2014-12-19,16.388614784648823,7.257670248927791,3.1209145053054197
2014-12-20,18.47961484284659,7.137514174872375,3.3466626020583083
2014-12-21,13.526733829454445,7.057689345404616,2.740934437258385
2014-12-22,13.315112289422839,6.8729224443778785,2.697145076694086
2014-12-23,13.167770974028882,6.714535062754211,2.673707422904743
2014-12-24,13.476997342640775,6.6243498163296985,2.629924872557108
2014-12-25,14.682010688755469,6.7918149498009255,2.7658343183242864
2014-12-26,13.174478760142831,7.415261545354068,2.5578881315880393
2014-12-27,13.059976528018996,7.474016177972742,2.541437751243102
2014-12-28,13.048382247312372,21.474789149177166,2.480915025429858
2014-12-29,13.036317403057547,7.117537808177522,2.451622696321578
2014-12-30,13.116988405925305,6.11073591806993,2.4903073269047713
2014-12-31,13.027200944490072,6.025701699136024,2.359750757487101
2015-01-01,13.693325614509554,11.161696231684203,5.281203078983614
2015-01-02,15.217187927679158,11.189549513116788,5.419502612146628
2015-01-03,24.20297850413722,11.341694718731526,7.528836190712424
2015-01-04,19.02274214006298,11.70737491944913,7.045313709611045
2015-01-05,13.638680885684016,10.568484341422778,4.9989410679764825
2015-01-06,13.536824097317924,10.088902910474122,4.933446705800976
2015-01-07,13.589607563947025,9.910677721192306,4.860467969557282
2015-01-08,17.436315889496534,9.729202894984759,4.931433126080882
2015-01-09,23.66346600976172,9.626470640644483,5.327556798702355
2015-01-10,25.286027246114795,9.695604350436515,6.385063430388607
2015-01-11,22.257419846564076,9.571422060549477,6.693053605884301
2015-01-12,14.606075168635765,9.189757135371464,4.574006293244042
2015-01-13,15.068612806833631,8.855093097324403,4.584828593969701
2015-01-14,16.22925806963513,8.763350629113921,5.609016934856614
2015-01-15,15.655307661717554,8.72545645240493,4.536461604674731
2015-01-16,16.50808674730869,15.430703322498415,6.897639225064875
2015-01-17,15.463853447289095,18.560993414642716,5.7996170062666765
2015-01-18,15.189909074055636,10.815691396950406,4.380496726747245
2015-01-19,15.236071344818402,8.742591816101573,4.372383114023982
2015-01-20,15.27994539174546,8.624887123747413,4.435588739589018
2015-01-21,15.33477793458802,9.57351740380228,4.427538625925639
2015-01-22,15.386827798602186,13.439217749052244,4.52135307909911
2015-01-23,15.25667008242635,11.745661590666215,4.17972419020565
2015-01-24,15.231105519837511,8.389224869883162,4.121140706740268
2015-01-25,15.219965182245597,8.504999535403716,4.083111807887446
2015-01-26,15.21248431887636,8.47543600353846,4.043099625197939
2015-01-27,15.152140535616637,7.656010093953783,4.044465995875831
2015-01-28,15.27726958641275,9.538495314137537,3.96627728900355
2015-01-29,15.106990224663297,8.660880440657683,4.3684225898349895
2015-01-30,14.934065778446499,24.921746820045932,3.962421553284203
2015-01-31,15.00105485737963,16.467615326673993,3.861807705955096
2015-02-01,14.741479087220025,13.505215650973799,3.825172103902644
2015-02-02,14.7059284742394,9.133053417915377,3.7915034465823885
2015-02-03,14.79118662520576,9.878636380230095,3.7547875461199305
2015-02-04,14.630537868989691,12.195075100261464,3.7254437843798893
2015-02-05,14.549332451259904,12.509038175233293,3.7362669163132467
2015-02-06,14.419658004996643,14.532628983734698,3.7926126983822237
2015-02-07,14.360667372090344,9.725034577937476,3.6473673756883565
2015-02-08,14.22412559568225,7.853479233547292,3.59848621423596
2015-02-09,14.381516310158531,7.485421944578505,3.55460841590788
2015-02-10,14.399677917151802,7.473797688456435,3.536192739854579
2015-02-11,14.17533252291024,7.669116926046032,3.5301148463802092
2015-02-12,14.016429836058604,7.295858596651336,3.5091971203161885
2015-02-13,13.978327554116095,7.404531011904401,3.5271849439315375
2015-02-14,13.958403864713448,9.174138294128994,3.9684595275471013
2015-02-15,14.037472908679627,12.837025262950846,4.063489290425178
2015-02-16,13.829876028221344,9.95519591313094,3.5204134822724713
2015-02-17,13.758297483916502,13.777619700387788,3.4007217654664355
2015-02-18,13.528426060820813,9.090746422004697,3.356146729104425
2015-02-19,13.579520732165653,7.311011624172001,3.368735122990602
2015-02-20,14.09680011766012,7.311483493019172,3.3557089953278263
2015-02-21,13.74513271626534,12.404608114390497,3.664187317850939
2015-02-22,13.272915026084325,27.6188836506484,3.617425015528824
2015-02-23,13.718870166313236,10.250487723535553,3.7439215786174835
2015-02-24,13.53320873891834,14.36451546191823,3.4107835592963043
2015-02-25,13.28538514421872,13.476809305660902,3.236372573283876
2015-02-26,13.294499607708929,11.29786353522639,3.192581222381187
2015-02-27,13.460509323260215,9.665320551727362,3.3415574551944385
2015-02-28,13.244253372343888,9.983730894891405,3.1811480168446065
2015-03-01,14.058126286954584,7.960582769036199,3.4980529690964204
2015-03-02,19.494627620179877,9.012999799957312,6.501582200720988
2015-03-03,13.805776769633699,7.874355665102638,3.1629971251792104
2015-03-04,13.43040080189076,10.918010762812113,3.536719718510675
2015-03-05,13.438801231048142,16.845247521060017,3.000316171432495
2015-03-06,13.495649032290869,11.719685653252034,3.0109036181686237
2015-03-07,14.276041378894968,8.923007804519948,2.986933229176987
2015-03-08,15.628673278646684,12.15388497762868,3.0229394395652918
2015-03-09,15.90656273713485,10.50374655690622,3.2346985910724966
2015-03-10,15.469271675173523,8.629063555233943,3.214246827909507
2015-03-11,15.792360411028357,9.323463616115818,3.3769613865888766
2015-03-12,14.314202854600179,12.854907664942793,2.9315333030425355
2015-03-13,14.357387357762345,8.262342616899028,2.91669532337862
2015-03-14,14.418595127912054,8.223448675192303,2.9371846372788037
2015-03-15,15.043277403561895,10.736149185012673,3.107810289534309
2015-03-16,16.023215425629903,16.68050264488416,3.5065219115785533
2015-03-17,17.473039817700915,17.07550164133155,3.8638395556527656
2015-03-18,17.684538586620107,10.99030322087809,4.28762660040918
2015-03-19,17.88982043307616,9.926830992194045,4.371908096628073
2015-03-20,16.40853795039463,8.86442287120039,4.663033387771282
2015-03-21,16.57647177435678,10.267450700219063,4.819999550878707
2015-03-22,15.320441363191604,14.354830887559656,3.504572716575099
2015-03-23,14.04115256196351,9.161979021515002,3.832841678166779
2015-03-24,14.163276632507138,13.513379522698521,4.375495020703858
2015-03-25,19.034282473519262,29.640236160459956,5.0622931454453495
2015-03-26,20.064264208030284,17.049401277247956,3.896595985675914
2015-03-27,16.307615201993457,21.229841067673647,3.6112851014714433
2015-03-28,15.11946781696356,12.59343997617665,3.551324731205328
2015-03-29,24.55779487158929,10.205998296848735,7.685222247118347
2015-03-30,39.92298128944959,13.561366127667943,11.575662965160355
2015-03-31,34.51015950600331,12.4592921663914,8.321608305752592
2015-04-01,16.72389606360698,8.393961770878207,3.914329129077754
2015-04-02,18.4909440613656,9.670481885292178,4.705049653099548
2015-04-03,17.54682372196621,8.933751897129323,4.135280287843059
2015-04-04,17.413473889533567,10.706331701512426,5.803144921673515
2015-04-05,17.072552379199475,14.384790538559178,3.47045292890204
2015-04-06,17.102998512777734,10.131751084126012,3.284315493814765
2015-04-07,16.98683726393996,8.276795202628263,3.4049412882588865
2015-04-08,17.30063559576096,8.938587884169696,3.749703642263047
2015-04-09,17.837710612035583,9.288900389015145,4.443772502512804
2015-04-10,25.801235305791614,8.408534307159455,5.450860269468559
2015-04-11,25.581130952564045,8.868625358248304,5.518457916231195
2015-04-12,26.84764760826693,8.825596867598785,6.688167359096722
2015-04-13,32.25562708496423,9.331482307428088,7.540344549473839
2015-04-14,33.72719938198472,9.750636993572227,7.620162109730838
2015-04-15,41.199919385235305,10.412800717921595,8.69198098189973
2015-04-16,43.636980602808755,9.84159197647018,9.525990598784325
2015-04-17,63.96001022385613,11.992482469936006,14.174591645460834
2015-04-18,33.51975955901337,11.331485100295215,9.919148050465274
2015-04-19,29.518858951169133,8.12585772918639,6.901592214493452
2015-04-20,30.714639104956277,8.704800035301796,7.342693910787629
2015-04-21,32.74697557295191,8.140677268003294,8.801750675007051
2015-04-22,34.210936531523195,9.077201055938932,10.108777181566948
2015-04-23,27.360038018279596,12.030453448242058,9.700730485005149
2015-04-24,22.641099849672518,10.400286577998001,10.724530852861397
2015-04-25,22.530252927724813,11.539295450714254,12.80242361967056
2015-04-26,25.076403169991785,13.655036165010117,11.860925624735666
2015-04-27,23.673115857309647,23.481101127365296,17.62656701007486
2015-04-28,31.07738299323727,11.209505560010404,9.073362835156349
2015-04-29,18.410688838727122,8.253057333495791,7.496093715462753
2015-04-30,25.574855923934237,10.134240457158151,8.800323664487136
2015-05-01,36.903371736068294,17.567164090644326,34.84264339982805
2015-05-02,33.52389740900428,13.250945306021178,21.856369056447686
2015-05-03,34.86489567092553,15.625015889491694,28.73614437908044
2015-05-04,25.985121258435534,14.118812089770117,23.869526081154838
2015-05-05,34.623363757957726,16.166260921373407,26.545722467943776
2015-05-06,51.76064336576386,20.33256200189376,28.482372932156707
2015-05-07,26.380197004675974,13.070015933983731,17.750204260224088
2015-05-08,30.35896117209103,18.148010561450533,22.095862523436548
2015-05-09,29.71351964335907,16.018855762650396,19.768781221151134
2015-05-10,24.772967099461866,14.887816720455513,19.984084483958622
2015-05-11,20.912659087817858,14.587419171332504,20.089283511112463
2015-05-12,20.182745993514008,15.209446442479443,21.523778675890192
2015-05-13,20.867015381316545,17.502742001822547,23.17626565451709
2015-05-14,36.05296749294979,23.467753212032534,24.443459294327944
2015-05-15,52.815003811448854,49.850324266482424,22.993528857377203
2015-05-16,20.5034774055452,14.465454520314534,14.826928679603572
2015-05-17,19.09802893270052,13.778309047810108,13.819675287997802
2015-05-18,21.637213538581904,14.601356452368883,15.686801526574282
2015-05-19,63.95297578184914,24.713139496762697,24.99810950152972
2015-05-20,58.725769211367954,32.22074529196062,14.426645412412785
2015-05-21,40.67974990209507,12.419717398589087,11.661479444243598
2015-05-22,43.185699628748324,12.391449780470634,11.970621992214664
2015-05-23,40.205806069642314,13.612445099799302,12.106368294285334
2015-05-24,33.49433202392054,11.752267637381268,12.852758922709452
2015-05-25,38.6281506419704,14.510359597546374,17.073956031519057
2015-05-26,59.50056194390093,17.251439532617848,16.719455106787933
2015-05-27,38.161103126514284,12.568206124270956,10.585192772113263
2015-05-28,35.4295604385604,11.637377348076269,11.026478083964133
2015-05-29,36.32861791633424,12.272535268015837,13.868292372298672
2015-05-30,40.304808650324055,13.14291426231319,14.240699837100703
2015-05-31,38.50887674266025,14.204424737102428,14.027783244552296
2015-06-01,44.32899134969685,12.680022406281596,18.08133942994425
2015-06-02,34.7860369253637,9.56174213748626,13.69857315958556
2015-06-03,34.11843630161848,9.986843346871112,15.079469161897155
2015-06-04,32.305606988695246,10.96273410821955,15.085284367537305
2015-06-05,31.21832518375393,9.594490816096329,12.735997445457544
2015-06-06,35.2266811786054,11.517464924578183,13.973303691026908
2015-06-07,33.343056197446025,10.830404049399126,12.655602322695325
2015-06-08,39.34183438993186,16.044017369190144,15.132724485897377
2015-06-09,30.253633631119342,14.193953321115883,14.378318991379997
2015-06-10,28.951433625763805,10.477367916501395,14.03733281440462
2015-06-11,32.200266393775884,8.43350391653434,12.869305287634791
2015-06-12,26.133822549090464,14.32663281895493,13.11858108071605
2015-06-13,30.732408090909903,17.734121163329817,16.474567290521342
2015-06-14,38.21486170088566,24.18828903514796,20.70385866776959
2015-06-15,60.74686029884518,17.413721290629596,16.661500883258483
2015-06-16,29.90426168747663,21.012430916061454,16.779529507057152
2015-06-17,24.376049189368388,8.80536384644693,10.377207139420664
2015-06-18,34.05463147527167,8.730728468230906,11.733607947495358
2015-06-19,55.699304085428835,14.75616449239402,16.652460820751482
2015-06-20,49.07489215817032,12.020321870863787,12.294743880999972
2015-06-21,26.735761200974366,9.410618839351768,9.737155099276393
2015-06-22,27.84285917827509,9.90081989257496,10.489005100176326
2015-06-23,52.28137288006764,20.09804379290144,22.15497596459884
2015-06-24,25.661452937035904,7.233621300299895,8.87592212081606
2015-06-25,25.315316422653652,7.905182655264019,8.620493280036223
2015-06-26,25.205725232218096,6.504289037344455,8.460874289793393
2015-06-27,35.6303445757454,11.467870464803022,12.90338335134311
2015-06-28,25.51129155699887,7.608291731347432,9.066681737406864
2015-06-29,24.662126631483353,7.701117198018303,9.105348929414824
2015-06-30,23.85791362199493,6.671562038528588,8.987497435203771
2015-07-01,23.487199654257786,6.302853334842706,8.921518674925803
2015-07-02,23.222586624953266,7.214280308224535,8.486587767667945
2015-07-03,23.412535956355242,11.258572186721512,9.39578660333461
2015-07-04,22.362032280239415,6.621925133614929,7.872672544986077
2015-07-05,21.77169122466998,7.234957298499985,8.014921700124287
2015-07-06,22.471245715341134,7.085677102889379,7.091618095646949
2015-07-07,21.185919832725272,7.081588368924999,9.043641115723027
2015-07-08,37.177991389883445,15.581968659966202,11.178159114480025
2015-07-09,21.778217054452636,5.556095946782235,6.7510524067063935
2015-07-10,19.31577150224034,5.645846597687042,6.27871107565263
2015-07-11,18.878692427320328,5.0870300020114945,6.346245360617111
2015-07-12,19.06922312585147,6.363887490902465,7.75940723901685
2015-07-13,19.065425856491814,6.725561537630937,7.473768353428439
2015-07-14,17.421823666815182,4.990334301187919,6.156387504400957
2015-07-15,17.279240061048757,7.279287616659331,6.67006159298188
2015-07-16,17.871441080373668,7.475496858618089,5.806505207950386
2015-07-17,16.21750554972979,5.99864621233923,6.278808297599887
2015-07-18,20.59924789917033,5.372426569463786,6.941975742370461
2015-07-19,19.716008015626496,6.024946429646651,7.754785943527196
2015-07-20,15.91699895648225,6.305424883656849,5.520101256686203
2015-07-21,14.537198300158444,6.428082562264895,5.1779080774723365
2015-07-22,20.64330425028791,6.138945582940154,9.273770983229872
2015-07-23,21.029782711348687,5.890618634797536,7.730943179386725
2015-07-24,15.974576767407667,12.957334464969243,9.652600703194652
2015-07-25,20.483865531307696,13.49132682663129,8.363246037062636
2015-07-26,15.354434982981024,6.052046480787793,7.414641507139853
2015-07-27,16.258630739050158,7.2207249069399495,4.809380631658128
2015-07-28,13.709919815950624,5.7758781709669025,4.642870312864648
2015-07-29,20.945475461356097,16.715830438289064,6.945986877979657
2015-07-30,12.53544125503414,9.810304004179699,4.663721816746723
2015-07-31,11.305034491321795,5.232605382881283,4.089208032556245
2015-08-01,24.59705353715352,12.9524740348548,10.675727457318779
2015-08-02,18.50586362152703,7.6247466501522805,4.356527822293976
2015-08-03,10.584321572964436,3.953987231424912,3.6166241002987367
2015-08-04,13.83666773719784,6.468007513060598,6.189670448238745
2015-08-05,10.4180670118013,4.031938842630706,3.8290961220610833
2015-08-06,9.984581576392591,4.20608592851643,3.4762241961947087
2015-08-07,10.1273937070744,5.448234478440355,3.5602700421470646
2015-08-08,10.006587716243816,9.303840249546464,4.2684140461115225
2015-08-09,11.835491077512312,11.087530729155104,7.906378236938305
2015-08-10,9.54616213687704,7.107472383265581,8.11347607592762
2015-08-11,10.342981777053607,5.570176381418377,3.5012147998694383
2015-08-12,8.667099646260334,5.256113025738613,2.9337675261049316
2015-08-13,8.731013384945484,4.40924856706679,5.872886544901719
2015-08-14,10.751229078989603,14.742346317186888,11.546817126212945
2015-08-15,26.94195057028747,14.707260269976462,14.33015069072195
2015-08-16,20.39878399030595,11.217695363466742,9.642371165756666
2015-08-17,16.602298029966914,11.218335669614392,6.433214676065269
2015-08-18,12.805090962704073,13.563166681792989,9.593704477341129
2015-08-19,20.33908011154792,12.062567172508894,9.861939613320112
2015-08-20,9.728271015000443,6.861544498276761,3.5526047293663305
2015-08-21,7.802039363647605,7.264126084594304,3.6560839714710656
2015-08-22,7.356128326212669,6.166435716162611,3.8189694501004876
2015-08-23,8.5086852166708,10.524956146649835,6.942027733092868
2015-08-24,17.530050638919523,31.755158179670474,14.795281285772994
2015-08-25,15.186288718829577,18.341996265790886,6.50476995315143
2015-08-26,6.8935734533183295,4.304764415663487,2.7245262377536097
2015-08-27,7.0192871928572815,4.363683965907282,2.8322019935883236
2015-08-28,6.9640431963110245,4.070780183093699,2.693592410215407
2015-08-29,6.772819824730025,4.116744263610169,3.120735748666992
2015-08-30,6.427810984261163,4.067070966837927,3.1739490040815155
2015-08-31,6.391636430097231,3.907989696008275,2.5471649665218816
2015-09-01,25.178616654697716,6.187797638853003,11.171312835384652
2015-09-02,13.705681725106306,12.12651563394904,5.185331493593136
2015-09-03,34.87763554912778,14.27363509219186,11.17121809714012
2015-09-04,12.8286890987295,9.535074238410889,4.35653301002343
2015-09-05,25.986396757916335,13.96411457945099,9.02825576355537
2015-09-06,11.4428060172607,4.1278401890132335,3.5424650480075273
2015-09-07,6.726118210646867,4.518251101694259,3.374059605846648
2015-09-08,6.227971276649198,5.536022821981991,3.3522861323235564
2015-09-09,6.271425618684277,15.653447510702922,2.716084625247461
2015-09-10,6.444180319395677,12.777861057304746,4.9095485655876425
2015-09-11,7.1741523084477326,6.953023700317403,4.140997603815063
2015-09-12,6.504420464839883,4.949050130514706,5.014354624185625
2015-09-13,6.688866366284028,27.735799951222575,15.341339453281654
2015-09-14,16.286289579422757,56.769690193946566,25.074476541690387
2015-09-15,11.998715330585439,8.85504699063576,6.594168811576177
2015-09-16,7.218737433740105,13.386971811499974,10.759069592067457
2015-09-17,10.54753269346005,23.44952530513783,35.2705628454703
2015-09-18,8.195605062331714,9.809534991532457,12.701394188642055
2015-09-19,10.700018644895712,7.100290100399876,6.487599315824163
2015-09-20,8.168493939623232,7.607448024202649,4.434369413323609
2015-09-21,6.102075919772921,6.972245156198194,4.740870386175841
2015-09-22,11.357330037776407,8.268981758217453,8.700196586599088
2015-09-23,29.29129373330169,33.054606355180255,11.664565021441883
2015-09-24,7.316934496789473,9.681213429578007,4.806763449813701
2015-09-25,6.122577749544528,7.214748757511034,4.366937187289895
2015-09-26,6.520556914801646,9.600515316768924,4.289639027521255
2015-09-27,6.196360377038823,12.915184342496726,4.81348093657854
2015-09-28,6.347031883976867,12.731859970856222,4.577457386423553
2015-09-29,6.226669172741046,8.130454589681648,3.8291224200552336
2015-09-30,6.406923437369785,11.254081781761395,4.940673454632987
2015-10-01,6.42487008305395,10.634372456298433,3.8194435210262725
2015-10-02,6.485615978203038,19.987160528154554,5.883781481402856
2015-10-03,6.432142221890066,20.082872845376748,9.626890504563386
2015-10-04,14.128481464888866,31.522984300805955,9.951735831267985
2015-10-05,6.80931875792254,11.338854947412234,6.841811069919411
2015-10-06,13.320241939536526,12.156074302858844,9.392995924825293
2015-10-07,18.74170046707627,13.249755770606336,8.618421815901975
2015-10-08,7.231807631324281,10.09666635529081,4.279678187555851
2015-10-09,6.319638989230155,15.146807596155211,5.547769237257378
2015-10-10,8.405139642759028,18.92011365331413,4.643424057865307
2015-10-11,7.406598167090674,10.473041098739053,4.001370364596403
2015-10-12,6.064448649400042,8.812168812289213,6.150532293843821
2015-10-13,19.677973340267386,25.18834483726252,12.211961633473907
2015-10-14,16.78205858790229,35.06679977276106,6.385666850687018
2015-10-15,8.661442756749318,29.370387995535356,7.323887831024934
2015-10-16,7.440772204256142,12.576278930955917,8.671541198565826
2015-10-17,6.891311660591142,9.258473047374133,5.111380837442768
2015-10-18,11.25545640590238,10.084136571782512,6.24999367652472
2015-10-19,9.657941748868737,10.955512480426291,4.4221172105874516
2015-10-20,6.387110764911321,11.549394363176186,4.099386235078044
2015-10-21,6.171926464274863,16.945413586893626,4.454771066728816
2015-10-22,6.686833833378697,14.879664312385557,4.326757368656445
2015-10-23,6.7414958153643285,9.20831606835625,4.741570862102331
2015-10-24,6.426298220356021,8.709739483610894,4.543266477706469
2015-10-25,6.4128909087350445,8.68091924710553,4.636075738526277
2015-10-26,6.219638007230219,9.420241837121898,4.36837483320229
2015-10-27,6.087991032581608,9.26985441732433,4.376572223989952
2015-10-28,6.281631375408132,24.12959952458084,9.09352956111098
2015-10-29,11.969101407818568,23.64113986708395,7.033893846334006
2015-10-30,6.22339178836523,14.246596017092566,4.3063749643644815
2015-10-31,6.464847355557908,28.198023366868952,4.621676858719549
2015-11-01,6.175373170139322,27.63239168343151,4.495563519488943
2015-11-02,6.1224809780171885,10.101852243688175,4.1853952924675415
2015-11-03,6.516308711071505,7.775347801440985,4.6166390946922675
2015-11-04,6.324949426555312,8.400077849081393,4.7843412100577165
2015-11-05,6.086252887095957,7.439562693228063,4.268177100382518
2015-11-06,6.131070354668641,7.394611983848671,4.092395781871256
2015-11-07,6.038593266132459,7.24722103317552,4.4167445149699
2015-11-08,5.975915263341333,7.237358535163401,4.191112496125698
2015-11-09,6.207861512033955,6.971489048801625,3.8472632392453288
2015-11-10,6.009898672073615,6.924040688039427,3.973402274326619
2015-11-11,5.917686402094361,6.607716544346759,4.12633286685795
2015-11-12,5.873915849856951,6.759574940371482,3.571849106726244
2015-11-13,6.170728586696347,6.38497172200648,3.5519689576288185
2015-11-14,7.6452863701751435,6.180958571004158,3.596197140210779
2015-11-15,6.62709313507864,6.208314872245734,3.5328707167693545
2015-11-16,5.836425555750429,6.062082148354804,3.4920332045206943
2015-11-17,6.416348089431399,5.929214137553438,3.4237323512502984
2015-11-18,5.922781152993615,5.930357798366664,3.622225753648406
2015-11-19,7.108203702694317,5.751779619113055,3.429319087874944
2015-11-20,21.117401042932364,8.079236973782077,16.33917584671797
2015-11-21,6.558861310262239,12.130349784851415,4.9844881858998855
2015-11-22,5.67764448203042,7.757380597966707,3.332020908918184
2015-11-23,5.76695492317411,7.445756379569068,3.2962295874835683
2015-11-24,5.6514953180994105,7.701317679180526,3.2276950511896034
2015-11-25,5.847560633801203,10.513750253553228,3.591061966570674
2015-11-26,5.7056228403718645,11.501056630758837,3.4628903242675917
2015-11-27,5.564570197897003,7.456062510980096,3.1822878575997047
2015-11-28,5.646857666678276,5.415543301965623,3.169797718068792
2015-11-29,8.648604333661996,5.059091453736588,3.364480719631471
2015-11-30,12.515595414378463,4.946712129482653,3.3130549003419296
2015-12-01,14.508008950278963,4.888879590413551,3.107506099348469
2015-12-02,6.23632188020766,4.94944484703174,3.1351170854565797
2015-12-03,5.903960992304648,4.779214616371622,3.1144642925583903
2015-12-04,6.372219970842183,4.721662896432584,3.20736990437725
2015-12-05,5.813405696370829,4.762282115800177,3.058696465115505
2015-12-06,5.782302438742362,5.647470734792118,2.9695327677939343
2015-12-07,5.70903151111216,5.320116801030449,2.94999593821249
2015-12-08,5.678426957275727,4.581941172144944,2.9665339091741716
2015-12-09,8.544493947366322,4.512026585396952,3.9785554580465234
2015-12-10,5.581898014160975,5.591789790127631,2.8445195289478034
2015-12-11,5.897533114629233,4.452085973399833,2.812531067603732
2015-12-12,5.79455885257787,4.267217600743033,2.7821269481535
2015-12-13,5.763219773520563,4.245144905055567,2.7510315452245284
2015-12-14,5.649523173105808,4.174058893654328,2.759955548637067
2015-12-15,5.843783076916105,4.104954164995295,2.799687806480368
2015-12-16,12.321386369701896,4.3708289962295765,3.757985948938628
2015-12-17,10.737418453421807,4.173383718808282,2.8300228795184705
2015-12-18,6.252552970359878,4.083362625572425,2.795476760898426
2015-12-19,5.873277147002165,4.067663765251302,2.9588712642490287
2015-12-20,5.869129961817738,4.669635976735248,2.7360942505744057
2015-12-21,6.538987807650646,4.06565497221256,3.5567370152044244
2015-12-22,5.9413989076116795,3.9052933228668776,2.6396605435406575
2015-12-23,5.9030133645136456,3.9078097478836944,2.5644470472979846
2015-12-24,5.9599712387301285,3.9043329874106765,2.557375118134903
2015-12-25,6.195746490439591,3.7350731342426147,2.519767951623256
2015-12-26,6.076047658190624,3.7239729822135894,2.5014086584102104
2015-12-27,6.086597896192876,3.661520647737604,2.478120258122738
2015-12-28,6.086190761622373,3.583853943864017,2.4519423756036796
2015-12-29,6.079915889681754,3.5896414733129114,2.582872064394524
2015-12-30,6.071166365313723,3.8347590457592395,2.3972184187321934
2015-12-31,7.032333318252108,3.5850333642619083,2.767603773357072
2016-01-01,5.971941237697883,3.246138100515609,2.1574246282499248
2016-01-02,5.550399164358577,4.349887665323885,3.4606554829743024
2016-01-03,6.189453009185523,6.9991778480733675,2.2203224847023884
2016-01-04,6.273849232715304,7.555182953192135,3.0103955146818615
2016-01-05,5.639429840352004,6.555158586345925,2.297270261789395
2016-01-06,5.652227152487972,10.418251776364418,2.1655337052315566
2016-01-07,6.092373072250615,4.4865329249240515,3.0443668873485983
2016-01-08,6.6557498144086615,3.664624783870711,4.262348666000573
2016-01-09,8.203199282721634,5.813922095121434,6.255628201076399
2016-01-10,7.284891279843035,5.054977981063208,5.07488351247285
2016-01-11,8.477915337367305,9.446177895223622,5.102078323354037
2016-01-12,6.390052690313818,4.428354151285541,3.129513623771821
2016-01-13,5.860707957765246,4.348350776247558,2.07206816944882
2016-01-14,5.61302462366174,3.8098362523148612,2.1228956664603604
2016-01-15,5.670443775937259,5.258638685487167,2.082863744109895
2016-01-16,5.74665524902867,6.219173968094063,2.10226690578001
2016-01-17,5.78766029917022,3.477616694508794,2.1158347799729307
2016-01-18,5.837703107383047,3.619860697891152,2.1240048604367754
2016-01-19,5.888690154296533,5.628730811124913,2.1538064697322636
2016-01-20,5.95114673700679,3.7523757272300218,2.3149172676842165
2016-01-21,5.97233476852816,4.315334513693923,2.134079363302529
2016-01-22,6.02730951450531,3.5763250594351836,2.209788306614314
2016-01-23,6.614034610981293,3.096414411481421,2.318317485326691
2016-01-24,6.619812460013031,3.494835076172445,2.190279934093285
2016-01-25,8.61878793211526,2.983447025223639,2.317530557019043
2016-01-26,7.367414243519616,3.051352149234864,2.3080237453084806
2016-01-27,7.533069213148252,2.8950631106886284,2.225786945439301
2016-01-28,7.526447210188385,2.8742478522120325,2.2283142066071524
2016-01-29,9.24525791467815,3.4172614520208895,2.5155063829898445
2016-01-30,10.162440762694432,3.29167009801974,3.019458443649488
2016-01-31,20.40617493691146,3.3468602458294203,5.450048984180044
2016-02-01,23.354813792229432,3.349510871277435,3.946758369604135
2016-02-02,11.510131222074019,3.0983144408399994,2.3600737233739952
2016-02-03,9.084105625285186,3.941068414913844,3.3440191626433196
2016-02-04,8.458117206870785,3.5956255386272167,2.310142128857494
2016-02-05,10.124741834600464,2.74117530513985,2.4104985131032852
2016-02-06,9.696167886314699,2.85910069647849,2.246441314374579
2016-02-07,10.136150730601743,10.019015681625762,3.641497470074176
2016-02-08,13.553438675306946,6.407279852524852,3.1797477807719465
2016-02-09,14.20933537879554,9.195234587369356,5.511414928780349
2016-02-10,10.381034303956085,6.116799820254115,2.2395061702870143
2016-02-11,10.68891753516288,7.082448831440875,2.256795838291549
2016-02-12,10.764393894846545,7.146705103878084,2.457951952534759
2016-02-13,11.805113914603991,12.234499364484213,3.430357799016647
2016-02-14,12.728764728726786,15.500009873416069,3.3414366089102128
2016-02-15,11.833157954125173,8.529860511533165,2.442228653205662
2016-02-16,11.46480883396339,6.9652067691323625,2.459053986429973
2016-02-17,11.666740369122628,6.513152823511554,2.5126842243834973
2016-02-18,11.910865809358096,13.321696921528183,2.4609432887607983
2016-02-19,11.95968667106132,4.0012404211027635,2.5105993332453176
2016-02-20,14.876973803274334,3.980679612553681,2.647376714848598
2016-02-21,20.358773809098295,4.103600360011939,3.07680879104462
2016-02-22,15.745722707918183,4.366840769285165,3.360819481412345
2016-02-23,17.701050647507035,6.03045345209956,4.495355841515581
2016-02-24,12.554016859131778,3.9236982841771493,2.792405913699252
2016-02-25,12.836439301739647,4.451330374356263,3.532872932653733
2016-02-26,12.795368856228938,5.867510250387164,2.4958433135268026
2016-02-27,13.929324220638245,7.127337547928184,2.69749694817699
2016-02-28,14.927265261732792,19.08402891453278,3.859018823455821
2016-02-29,13.25823802834094,21.669574943304415,3.331767409065192
2016-03-01,13.022714151858846,8.354157285875724,2.474088310766764
2016-03-02,16.576910679609373,6.412474453982306,3.5762050659903672
2016-03-03,13.056898161263932,11.515393833994711,2.495424488718483
2016-03-04,13.418288859470023,5.860026335248901,3.042119066936786
2016-03-05,14.312400229209059,17.35105434247711,3.9963159223511395
2016-03-06,13.361383916544893,8.110614972238153,2.5517920890918826
2016-03-07,13.299271107993215,6.436867121423692,2.4822744321962116
2016-03-08,13.195269569640953,6.790433272740533,2.5067094816133038
2016-03-09,13.413914295514768,8.923271893719946,2.4557914228143365
2016-03-10,14.0207227648935,6.332251537684234,2.473539860075606
2016-03-11,13.797007758583879,12.08106349739783,2.4833875572355075
2016-03-12,14.239249700366862,17.554762760354915,2.487265957095841
2016-03-13,13.941645255447309,9.368883171637915,2.5513258179427982
2016-03-14,13.51359088692405,7.792999880200028,2.5319615939154
2016-03-15,13.227504457682814,8.469601483266368,2.6589726468674435
2016-03-16,13.526432948061823,10.029084388112233,2.495261953048563
2016-03-17,15.071763595553218,17.449725260134326,2.553048587493407
2016-03-18,15.509205567795169,8.468608007091737,2.5585879480043383
2016-03-19,16.116410927150074,5.7834783559327905,2.604805115730752
2016-03-20,16.572781300292213,6.059505799912252,2.5936345851429565
2016-03-21,15.414046681326433,6.9062761624554225,2.481693045361586
2016-03-22,14.30278233365375,7.854727528251085,2.349898205686809
2016-03-23,14.0361114146104,14.107735203271732,2.262121706795345
2016-03-24,13.5696438643063,8.600204440034764,2.2499034568972487
2016-03-25,16.3821920725457,6.303382195772288,2.501660984123488
2016-03-26,15.297193308677432,6.825684008922328,2.6353025514179254
2016-03-27,15.53063079796722,6.446412950858833,2.86081070565943
2016-03-28,15.941646404926395,7.876981474597145,2.9487756297282237
2016-03-29,14.946804581031769,7.350935484349609,3.3984780972314756
2016-03-30,13.727415610099944,9.126928022871985,4.129389406463513
2016-03-31,13.960298755059615,10.767883232752572,5.189482247391826
2016-04-01,14.451965549807152,11.882042478006083,5.689413015584212
2016-04-02,14.28699798476196,11.518819995945437,6.3548123007934265
2016-04-03,13.860436002092742,11.868044320898806,6.727454709838956
2016-04-04,14.751976971471079,15.473501829084293,8.175274269781807
2016-04-05,15.433607041923642,15.72712138735662,10.42107348202195
2016-04-06,21.11894836755994,13.705042820021545,7.940252741217418
2016-04-07,18.678177663244966,15.131342536446938,6.173345234241816
2016-04-08,14.102100263327099,13.73873963857782,2.853183383080404
2016-04-09,14.858154247302746,10.453281444181831,2.7246708851771397
2016-04-10,13.510796541303609,7.072252418828907,4.056715256506517
2016-04-11,14.025103225036277,7.600330908531488,5.836767690238381
2016-04-12,16.097590506561552,7.602142199979595,5.97747077625031
2016-04-13,24.613308642415593,11.199146636424613,7.964576519397979
2016-04-14,17.479472226052913,7.722944703111708,4.304204019073747
2016-04-15,12.852155719180853,7.735222220897549,5.22808280577193
2016-04-16,13.76898340759875,11.762596928544324,7.908331541925497
2016-04-17,29.436161159077848,33.4034308206194,17.21929836088179
2016-04-18,24.361086772036266,15.425781078478275,5.164418958874187
2016-04-19,13.618691487761614,5.648081810465349,3.696650761316294
2016-04-20,12.793682016609083,5.750288312968599,4.634842806199167
2016-04-21,12.724190297601597,7.626102566403756,7.42726425978646
2016-04-22,13.322463987275674,11.586858827557931,11.891450930094873
2016-04-23,25.25679643925217,12.270171958515668,12.648176535603069
2016-04-24,13.941867086405047,7.906727041502329,3.545969238991221
2016-04-25,13.9042517023288,6.6487595579725,3.399848229461086
2016-04-26,15.048749411283124,5.959127996624313,4.323331940991416
2016-04-27,13.946321708746884,5.950147922419729,3.7762856650439907
2016-04-28,14.164435824010846,5.726278904850518,3.622010701260832
2016-04-29,14.306741715923414,6.811340874164083,4.275147863809911
2016-04-30,14.479443206079878,8.580518733015147,6.3283434071287
2016-05-01,22.068467645994517,13.597052969085494,5.7900224855066496
2016-05-02,19.93058300538722,10.772292469019982,5.196203993694401
2016-05-03,24.091550212843327,7.693562968961109,6.5370524849049465
2016-05-04,14.601152720670376,6.892335681920503,4.223195417280974
2016-05-05,13.62164089750744,6.409009374165084,4.425442928716148
2016-05-06,13.617390342984569,6.711791557857061,4.678536037259999
2016-05-07,13.640348525672549,8.066419259218703,5.074743778847195
2016-05-08,13.691593142173195,8.029682359709517,5.356660229432143
2016-05-09,13.44950205261153,9.836713148312976,7.390023454532154
2016-05-10,19.166698672891062,11.70926500765998,9.468376972943213
2016-05-11,13.938858984323115,29.40206714616756,16.772683329595527
2016-05-12,30.648673946480137,27.241132145397312,13.718025287236118
2016-05-13,38.75021332675781,9.767970423284169,11.38963608741748
2016-05-14,50.71584080378654,16.29284563900281,13.518208223125075
2016-05-15,17.460160430299222,10.223832239333515,5.269394849856087
2016-05-16,19.622940691973216,8.193715655349214,5.459954655029668
2016-05-17,18.932360692239975,7.008832677241091,5.063448731800319
2016-05-18,16.92436139930532,7.406471247850341,7.482721178366727
2016-05-19,33.58368422120915,22.416463358674303,10.66508142747252
2016-05-20,19.038462819390226,8.418656689189362,6.111213866846725
2016-05-21,17.609298366425175,8.073182466000778,7.662067007508925
2016-05-22,19.03423430863457,9.084132874081602,12.351230016226733
2016-05-23,39.50811306139998,22.581685577025507,11.520033927545503
2016-05-24,30.747998263400813,7.437708573369961,7.195013158953558
2016-05-25,19.142157273547628,7.4546608623658885,7.229585588763259
2016-05-26,20.375064698291204,8.15860556204609,7.273928221397068
2016-05-27,21.462979961009907,9.066372167484895,9.382571778245879
2016-05-28,25.695895340843954,11.498920790112514,14.00329800151262
2016-05-29,56.33899885133694,28.871815376483166,21.638034821921092
2016-05-30,45.00203986048817,20.458570402249055,14.7236749379882
2016-05-31,26.23667519768686,16.691892109176543,12.487739079096894
2016-06-01,35.49049500625358,15.965487968771694,11.011545605687914
2016-06-02,29.92551630202706,13.864236909103425,13.033864973937273
2016-06-03,33.8562391782776,13.910321098609252,12.704439987906069
2016-06-04,41.611120399547985,16.34209758461694,13.958421981699697
2016-06-05,39.65064691382342,16.523492668209744,12.34392426844067
2016-06-06,25.13051388244356,13.555413783703614,11.359821311353597
2016-06-07,24.405218756429036,15.90615854628109,14.68391851040491
2016-06-08,32.346187499999,21.499112316253193,19.747936998340023
2016-06-09,53.96683789395148,22.675457555937623,20.393908435595996
2016-06-10,25.016412672517983,10.131241996904231,10.996307946509365
2016-06-11,34.375398152267316,21.327540557473753,20.49489493340887
2016-06-12,29.67746742155911,13.131388970334548,12.463841908566376
2016-06-13,36.37792744454106,16.12950418983843,19.337784621544973
2016-06-14,49.36256525045777,26.000853555524817,19.771796078359582
2016-06-15,37.638163310081666,24.42277230898376,16.304302644547857
2016-06-16,41.626462293324884,57.16174907144264,44.153130792008945
2016-06-17,56.881638199554175,35.104889911827776,25.251799507928663
2016-06-18,41.39139121011872,18.620032746427686,18.970144009660686
2016-06-19,52.187021216295335,17.93940328809981,19.338570315349966
2016-06-20,33.5971054745046,13.894975320084265,15.42787681377674
2016-06-21,34.13677579200243,14.63670769751445,16.170145803273986
2016-06-22,33.73404492706074,13.325984621120867,14.17512744477684
2016-06-23,33.06003498511865,13.389217435005175,13.748439536531576
2016-06-24,32.80217513706686,17.673443678644954,17.195492050733794
2016-06-25,46.41818621901152,18.564129519699584,24.213895437444446
2016-06-26,38.256733362633625,22.75875591354506,18.194860647064612
2016-06-27,36.734253558192854,13.29340157853405,14.42473205131188
2016-06-28,29.081883360886884,10.827210152793912,11.789312903477164
2016-06-29,29.990228394577002,10.871062046402326,12.85345216802346
2016-06-30,34.859425059328444,17.787536386598596,19.351869803220126
2016-07-01,27.49660682311876,11.570186298220692,12.648383021280072
2016-07-02,52.925434102004,17.331893247955218,21.62063322733412
2016-07-03,26.939295795278213,11.77235856364935,11.055941378286672
2016-07-04,24.930962135673923,11.35545004347515,11.004561657275133
2016-07-05,29.574732273331463,14.25822996032166,14.47555944555087
2016-07-06,26.119669068226493,9.057184089757776,11.169170446246575
2016-07-07,23.08229486094734,9.03421606570232,10.449400199125195
2016-07-08,23.16620608939058,11.836017071791652,12.167936485273607
2016-07-09,22.824486679406917,8.729497544777098,9.808124524063778
2016-07-10,22.60548964316688,10.684915385451987,11.414707529001582
2016-07-11,29.00937222830457,12.53293806738914,14.710361161327006
2016-07-12,56.031655413498775,31.531573363681673,34.27505285615588
2016-07-13,69.68774713728158,36.94770183395491,20.921433116395438
2016-07-14,47.44701836153355,10.6335873981148,14.62026711056013
2016-07-15,26.853071131428795,10.32193694928462,13.906149886275102
2016-07-16,21.811018369020402,8.96123689433213,10.22987180275659
2016-07-17,22.079187864205537,8.15587897457604,9.475100126482596
2016-07-18,22.40430602037844,8.589038709420139,9.347700015110089
2016-07-19,21.41791537093593,7.85949668133623,8.825779817964515
2016-07-20,20.926622805835972,7.5174578067869335,8.977360212043598
2016-07-21,25.09733113125099,11.654304077346227,12.328430666776054
2016-07-22,24.5099646330504,14.848029153055135,14.183032359207688
2016-07-23,27.489493814836898,13.869780293986754,15.400007962231223
2016-07-24,21.53149802450866,11.280845440199915,11.602229877972523
2016-07-25,26.831938729917688,11.746649183707815,10.791667303840276
2016-07-26,28.3418287471385,12.682253401387593,9.851318383318672
2016-07-27,31.26896410084864,12.574583404275495,11.176165215374665
2016-07-28,20.20866953406133,8.756191364706835,7.812619160566044
2016-07-29,19.1900246208245,7.321738081316481,7.505944525632174
2016-07-30,21.348764265640703,9.007722760667546,7.432814201958975
2016-07-31,40.228526697077676,24.900809985645896,18.75548815224638
2016-08-01,19.9682433221088,10.946872559921992,8.269764864951828
2016-08-02,18.486537842187076,8.396784981957044,6.567619159050182
2016-08-03,18.442551790298175,6.917741421033044,6.4684059170084955
2016-08-04,26.524716223628623,13.470779250652761,18.70738834628172
2016-08-05,109.43995038605208,47.11268554167002,38.00657705333729
2016-08-06,18.82203094530999,7.90875987741398,6.540139338197107
2016-08-07,18.33657399762515,10.488292796003027,5.888260142025534
2016-08-08,18.76511534613017,7.3853222343799825,5.97412007929845
2016-08-09,52.049547268253434,19.15041292747044,17.962456790455036
2016-08-10,40.25441600043254,16.592491130799758,9.795411535525448
2016-08-11,21.42753287351407,7.320083294226692,6.11303227812727
2016-08-12,26.443809495193353,6.741103985808271,5.897729653300125
2016-08-13,21.665740987329396,6.3672294653499,5.626064069519783
2016-08-14,22.19120090472931,8.34455007794979,6.730538718913765
2016-08-15,24.913900915198447,9.550724908408409,7.316637464986503
2016-08-16,23.705871673192682,9.577469443515621,7.314084387083197
2016-08-17,22.773449186951098,8.850467076727503,6.516459665314485
2016-08-18,24.756182845723938,9.192374797342053,8.141312947585055
2016-08-19,21.948714100724658,7.3523032141876055,5.850872600751318
2016-08-20,72.68933506868427,34.06321069807478,20.596629036230254
2016-08-21,47.765834123477745,11.291500280931775,7.005432235602783
2016-08-22,20.66788106235492,6.048823624365968,5.1019401721339195
2016-08-23,20.4854680969187,7.13475344055844,4.783723942897914
2016-08-24,20.341108398864108,8.01493800435873,5.082672212324759
2016-08-25,20.309887024416103,6.622459369274522,5.127208478523204
2016-08-26,19.99974668573557,5.934885443096504,4.58336230461678
2016-08-27,20.086153453557962,5.8327969347083215,5.403280770805711
2016-08-28,20.355614255097976,6.041234091763407,5.139992975722425
2016-08-29,25.28918195614975,10.321990040776084,9.847116532597772
2016-08-30,20.106563004236648,10.741867973429937,6.816656152589353
2016-08-31,20.406568624260025,7.2771617723039075,5.368270898907721
2016-09-01,27.138744917650463,9.742829714669616,5.004424715017531
2016-09-02,18.53549387454162,6.544746572434755,4.875613642929697
2016-09-03,18.008577551796527,6.926169594246398,6.1173718510732895
2016-09-04,23.330099359885498,8.014842366762835,7.188851923357612
2016-09-05,26.546784788762846,7.32027920832249,10.264901390929895
2016-09-06,21.953222618171797,6.463765178745438,3.794516021218688
2016-09-07,16.85882804915133,7.369446745131082,4.232386886787799
2016-09-08,16.578979170165642,9.324862400844845,3.7880313935703462
2016-09-09,16.50724941929278,7.843431704620777,3.6858499822397843
2016-09-10,17.487666944002783,8.636523801830162,4.760285003638417
2016-09-11,18.11463277533016,10.356848448176647,4.286258833688405
2016-09-12,15.836729790129434,7.484988081754286,4.61583705786104
2016-09-13,15.25381455718478,7.9284368657858435,3.990850469929019
2016-09-14,14.959481376887469,6.728132017241913,4.033939339033328
2016-09-15,15.003780172835343,16.215594016073315,11.088729231308083
2016-09-16,28.67029725358301,15.280123403445245,8.82079943996979
2016-09-17,45.357917786350846,10.847527327971132,7.004814831805914
2016-09-18,23.99806334171152,8.713208730304578,8.015045763476005
2016-09-19,35.102791195774515,6.462102432772834,5.619053923233614
2016-09-20,16.264400154182916,7.087984996604363,3.7273993023920573
2016-09-21,14.725825842611743,9.925176187925693,4.276351622804928
2016-09-22,14.233513688084221,6.568576364778842,3.147993957430045
2016-09-23,14.538750791172774,4.98186453075406,3.4432886928011506
2016-09-24,14.262038004360106,5.907884319727803,3.1642178108699364
2016-09-25,14.968774513110978,5.114418372284617,3.1467814712215536
2016-09-26,14.276554573114158,6.473080085311875,4.059924248354753
2016-09-27,15.463310376351103,6.594124814137328,4.8441264054570174
2016-09-28,13.92286722849163,3.8627780733665382,3.187337127830622
2016-09-29,13.922314717707911,4.005860871951431,3.125702667563124
2016-09-30,14.35120379986415,4.164589111874373,3.1148014235228603
2016-10-01,16.977036727476573,6.457832872319116,5.0403909065689705
2016-10-02,26.608172813679992,9.132767152617502,6.904029639472245
2016-10-03,15.764360445251564,4.070457058799077,3.0064310255178928
2016-10-04,16.426964232795154,3.7971258218255324,3.44419851595932
2016-10-05,14.021250436027179,6.12302977645718,2.9314297182806968
2016-10-06,13.088444297576569,4.952313054043458,2.8239228308724558
2016-10-07,13.493202625963134,6.7736779040666475,2.70062333982789
2016-10-08,16.404300182775803,6.022379489837362,3.0819385865796245
2016-10-09,13.23727135590378,9.192171421447624,3.879538403059231
2016-10-10,13.188017341607425,8.731372365029978,2.9677871716622155
2016-10-11,13.728048074470843,6.913127866645041,3.1490049191720666
2016-10-12,12.591076873321356,4.058283786511023,2.8003476152021736
2016-10-13,12.262033975039394,6.915875222898809,3.9561633928979982
2016-10-14,13.907438396606311,41.78978662208363,11.881712498630021
2016-10-15,14.980860848008453,18.39383233699382,5.306399750045441
2016-10-16,12.019483376416185,4.658462461101416,3.276684713636126
2016-10-17,17.29209054120396,5.430567297810492,4.878496425043005
2016-10-18,19.227657876135357,6.324406954605496,4.220773499923314
2016-10-19,18.19935892227162,8.446092222830583,3.9068442687452376
2016-10-20,12.424013736946737,8.366300456295088,3.053569447607533
2016-10-21,13.518515633001162,5.932649434073769,2.8034558983234943
2016-10-22,11.814837036489505,4.9254158227808125,2.7583222062462003
2016-10-23,12.164112143668182,8.302781386560968,3.6661032624290057
2016-10-24,12.175045844332008,8.2820260142654,4.13973395844938
2016-10-25,21.300068578934102,12.99358249398541,10.354863937992459
2016-10-26,17.370758767080744,10.973730858166812,7.514833204639942
2016-10-27,11.415732267896866,22.137201809506948,2.825006645871706
2016-10-28,10.96251836547513,17.243067853307984,2.820875872555815
2016-10-29,11.108699557913708,4.7569125665518985,2.8638869771976223
2016-10-30,10.829620170299147,4.380078672559412,3.0224574528165205
2016-10-31,10.712130816453968,4.407970385220984,2.787475500560458
2016-11-01,10.766282518504202,4.319130691987949,2.597961247669691
2016-11-02,14.175074003387321,4.807979277488147,2.84074274508307
2016-11-03,10.71886245501608,4.5011159936856515,2.598671889852556
2016-11-04,10.66580003082893,4.204604989971315,2.6794492577557754
2016-11-05,15.005206019213206,19.655566141622522,7.410452969310193
2016-11-06,16.784639485044362,20.45731335774602,4.442246399327538
2016-11-07,10.6644048994136,7.373025390136613,2.5434064231429643
2016-11-08,10.332494663679158,10.507930944718641,2.4513533513749928
2016-11-09,10.433188597113737,7.201232947237157,2.9264296164912733
2016-11-10,12.142203539089257,5.871267664782552,3.8141363147094673
2016-11-11,11.369566767565486,9.343628805899824,4.243551902830378
2016-11-12,10.213827024890243,9.511537515301153,2.9879560111078534
2016-11-13,10.27060871420515,4.194212516962997,2.9481728757203847
2016-11-14,10.254580686145955,6.442426129549874,2.5664877618924695
2016-11-15,11.172626272047903,9.056677223232622,2.7116027979473167
2016-11-16,20.14893774262077,5.009125679613173,2.9638874560912054
2016-11-17,13.250550786006231,5.4286833268212495,2.7395151700826643
2016-11-18,11.891167605007801,9.134939412704806,4.7010041273439285
2016-11-19,16.776654805847166,17.781857599159235,4.694981261285565
2016-11-20,10.531152227271868,5.9646625476487145,2.884719840752173
2016-11-21,10.945694075889078,16.61348383374689,5.66411158728857
2016-11-22,11.272282413195905,20.99635831439602,9.116335075158737
2016-11-23,10.885474083201505,18.27477209101805,8.912913667286105
2016-11-24,10.702578154303612,29.883134351087225,6.72691254402313
2016-11-25,11.98719019860821,29.321051417832738,6.778240078737513
2016-11-26,12.414360218631678,12.18133631648045,4.142882994207238
2016-11-27,13.580791757996467,7.505335871404333,3.686059079811341
2016-11-28,10.405326131718937,8.881831156879704,3.7201823456509415
2016-11-29,10.405178218911287,10.023284700797916,3.5766958981275354
2016-11-30,10.422033924844728,9.807490946537325,3.5703392117096993
2016-12-01,10.488183383429094,7.3392713984623565,3.5278449482894545
2016-12-02,10.550400003674106,7.071211073143651,3.52048549882659
2016-12-03,10.449399944342153,7.295075578329358,3.4961364297543955
2016-12-04,10.382045714569008,7.471300243955805,3.4052077461157975
2016-12-05,10.322034582854602,9.120556381236444,3.3389713626628374
2016-12-06,10.335303188547941,12.292776938746368,3.2744305690207876
2016-12-07,10.312106252080714,9.170195036295251,3.2289758636153403
2016-12-08,10.408069523905336,6.608484171567878,3.210996097497405
2016-12-09,10.338043736952926,6.553157730791579,3.167833867958801
2016-12-10,10.250649881133228,6.465098989677881,3.1823126418285375
2016-12-11,10.546546779222943,6.331723014073141,3.083763217634171
2016-12-12,10.283210853997314,6.819021223639152,3.0445263950968093
2016-12-13,10.099050195200267,6.1046577811978056,3.0092763859861957
2016-12-14,10.044739857627672,6.329000623024061,2.977051535962555
2016-12-15,9.98568437158008,6.1337281842900175,2.9414646350075504
2016-12-16,9.967630475120929,5.838435939818639,2.909747223552436
2016-12-17,9.822295530908606,6.253046826344585,2.8823616182142557
2016-12-18,9.814427189132745,5.680101920915805,2.852683226789156
2016-12-19,9.818400323702418,9.37345368827178,2.86487183840112
2016-12-20,9.947419500005582,18.962913329365062,2.9837001714190197
2016-12-21,9.76977507370415,11.762568906783036,3.007056166022361
2016-12-22,9.898556528942441,5.636715639258032,3.0832670452859716
2016-12-23,9.748035350795767,5.371947367257487,3.0303071290056076
2016-12-24,10.06130574269236,5.291257147188863,3.04196326092815
2016-12-25,10.417495787371143,5.425503250421141,2.740546080413433
2016-12-26,11.400591999955964,5.415367335982985,2.8426096421599345
2016-12-27,9.534749303849555,5.259168162534749,2.696603081834596
2016-12-28,9.25734929019722,5.325167328753665,2.6466291929462105
2016-12-29,9.158583433642667,5.295489690402328,2.629459787442979
2016-12-30,9.10648248708622,4.958118852330685,2.601144919047246
2016-12-31,9.064721742452042,4.912683829744334,2.5772203809412604
