timestep,DEU,ITA
2014-01-01,16.596787273630067,4.979083756016452
2014-01-02,18.414382407005,5.405225743855106
2014-01-03,19.30675755419306,4.395837201271627
2014-01-04,18.647647394809663,10.468924358197937
2014-01-05,14.290462835464155,18.28350677280165
2014-01-06,20.690840191980932,5.723994170838228
2014-01-07,21.581490114968386,4.290860630866952
2014-01-08,19.598210841052463,3.7891977062669975
2014-01-09,19.711457726646863,3.3524317260439607
2014-01-10,20.96799746994926,3.747586115932222
2014-01-11,19.893354266787327,3.497841302806317
2014-01-12,14.896439791095863,1.9253481058799773
2014-01-13,14.63027588058193,2.412001794690657
2014-01-14,7.944274459381554,8.772493868270196
2014-01-15,12.822281576803947,5.7660589982020385
2014-01-16,16.745783368465492,6.056082851977565
2014-01-17,14.043645012098867,13.774074791929596
2014-01-18,14.656054899646973,15.88830098380592
2014-01-19,21.78236797930425,15.919339959239517
2014-01-20,14.085949717296224,16.699404406634656
2014-01-21,10.091150355075936,19.14023073559003
2014-01-22,15.828854233970542,9.934184529890194
2014-01-23,18.79011311190783,6.673308796624106
2014-01-24,18.62542010288619,17.75587236387464
2014-01-25,19.464888650698406,17.456351869303322
2014-01-26,18.480710569023913,15.31292030988081
2014-01-27,15.952455521765685,12.505317164342639
2014-01-28,18.575169158004478,15.694587829866553
2014-01-29,19.255680078439067,12.4101907346851
2014-01-30,15.826351129306955,18.15259111282507
2014-01-31,14.484642323192562,15.550276299231415
2014-02-01,19.310827656134286,12.050981815153856
2014-02-02,15.877050968672926,14.500899662870145
2014-02-03,11.905904011468769,12.477290280331305
2014-02-04,14.055472687822771,7.919312452526572
2014-02-05,16.679461285977002,9.324026266584664
2014-02-06,19.046611773263205,11.898267562467058
2014-02-07,20.627157600876245,9.816958865095957
2014-02-08,20.298342764766137,13.188216963689248
2014-02-09,21.184575397348645,15.03834334812371
2014-02-10,11.62857593310898,15.550436706154741
2014-02-11,12.077385852814738,15.640343387516202
2014-02-12,18.2187917650047,13.984049654770553
2014-02-13,17.78909234018109,10.75905798530097
2014-02-14,17.07753785493385,12.013935833589713
2014-02-15,20.787107359028035,6.122906327755109
2014-02-16,21.820519793844532,8.530149572580989
2014-02-17,10.782329443693605,8.57754362300285
2014-02-18,11.762775136876312,14.942777910031941
2014-02-19,9.474216979466586,12.890735459678197
2014-02-20,15.80110351327735,9.625312106114288
2014-02-21,15.352704634612609,7.909222339178992
2014-02-22,18.03431572646187,9.57071432609031
2014-02-23,18.95057065381194,8.367615227628052
2014-02-24,17.414925622628285,4.419919468840587
2014-02-25,15.561925365351719,2.444592673707595
2014-02-26,9.920970756731037,4.445259613785353
2014-02-27,13.10751399808928,4.833598838775994
2014-02-28,3.318957986486384,9.489875194908262
2014-03-01,5.211094505980854,14.986664342688549
2014-03-02,11.900589650777649,8.693893986311782
2014-03-03,14.864798599421738,11.788899835628053
2014-03-04,3.7253290313641343,17.401348756087803
2014-03-05,3.1133834610505446,11.21786849203941
2014-03-06,12.751028222322024,10.221780485909468
2014-03-07,17.642391396912156,8.039672690531527
2014-03-08,11.242745191742296,9.18385317415315
2014-03-09,15.675805282999455,7.618157558891899
2014-03-10,12.914568194503076,5.61407448224258
2014-03-11,6.665640230956043,3.4591119474950816
2014-03-12,2.257151350309046,3.9737129885530895
2014-03-13,4.840733980977157,5.94405809552889
2014-03-14,11.805738481634743,6.940813589815229
2014-03-15,22.051554207744278,5.073395809185685
2014-03-16,22.15695646772669,5.805257128466078
2014-03-17,20.115884158914557,4.283237190761525
2014-03-18,15.927240807157022,3.1192828356679456
2014-03-19,20.00880447649127,2.8599804359566816
2014-03-20,20.741219717558128,3.5243716873309463
2014-03-21,15.782097441501186,2.7200267887968232
2014-03-22,15.095948212545633,5.298747160844723
2014-03-23,9.140054242527665,14.256391149075073
2014-03-24,3.3019608310619524,17.080101168246483
2014-03-25,5.798551082972507,10.523286398818714
2014-03-26,12.046130470600716,11.547722981804071
2014-03-27,14.414167740059236,16.63655131936582
2014-03-28,12.970692777027216,10.597614884681375
2014-03-29,8.582673465051046,7.995664622313543
2014-03-30,3.8367804635349256,6.864123152614671
2014-03-31,2.3603052493097447,3.296037838231516
2014-04-01,9.805068915439701,4.645387554113006
2014-04-02,6.089678375945398,6.431798575220802
2014-04-03,12.106517791049747,13.50199534971414
2014-04-04,15.985154410563926,14.456797651193838
2014-04-05,7.8487305332984905,11.88315233356764
2014-04-06,14.23409690405572,8.023118106022546
2014-04-07,14.249532447473642,5.559734053701114
2014-04-08,17.80969900254927,4.1378691736185464
2014-04-09,17.289917925722612,7.330932298602137
2014-04-10,5.068725383164688,5.270833875211451
2014-04-11,3.4646072657883256,3.5841729604490036
2014-04-12,10.12313671087306,2.7569483211615453
2014-04-13,18.758430742113664,2.40373765485149
2014-04-14,21.75233955090972,3.0446439392910265
2014-04-15,14.436753118408058,10.466747230248293
2014-04-16,4.022833654793233,12.572705861090336
2014-04-17,18.6556955413839,10.676915512642829
2014-04-18,15.094484935795505,8.045441232824656
2014-04-19,10.54649600056129,10.1694090991316
2014-04-20,17.32436187824637,7.323962456199302
2014-04-21,16.578741643827996,7.629372593384432
2014-04-22,9.163623671254308,5.184378381947272
2014-04-23,6.908969926428946,12.02628000335298
2014-04-24,10.24597650259564,9.860619102975923
2014-04-25,11.866345395253969,5.861109406150326
2014-04-26,8.41182719466466,7.891281265513296
2014-04-27,13.187487423048577,11.046381915146224
2014-04-28,6.629912600156064,14.864477155379696
2014-04-29,2.57504732846151,11.74806521554844
2014-04-30,3.653051330113346,6.863827107365489
2014-05-01,9.376073182018967,6.671393821682759
2014-05-02,9.653345579417127,6.2079528296591695
2014-05-03,7.537936613739981,11.521788332116685
2014-05-04,6.738692049469515,10.40174995277022
2014-05-05,7.31900927625632,5.151297370140155
2014-05-06,11.517430845985063,2.6267567472521502
2014-05-07,8.9697912600581,3.5643331146005597
2014-05-08,11.937140232643326,3.5949370419204922
2014-05-09,10.243089378598242,4.204329103954996
2014-05-10,14.414831485743374,3.606206685632576
2014-05-11,16.808211330732618,6.0229914227658865
2014-05-12,13.32670892505629,6.250688401110416
2014-05-13,16.158230655081855,9.920588194333911
2014-05-14,15.148271386207394,17.65546900118432
2014-05-15,5.456886316186926,10.284876772449703
2014-05-16,4.092694933569686,6.718800966114705
2014-05-17,3.888885711358877,2.748310616568643
2014-05-18,4.8535928801904085,7.138044930677386
2014-05-19,4.497885004533884,6.84016297376127
2014-05-20,8.984703576646437,3.9059538091448815
2014-05-21,7.174427055656858,6.714688999597722
2014-05-22,12.059174846146124,4.801994888761601
2014-05-23,5.813681243972655,2.989347841013042
2014-05-24,2.697390362263061,4.162672361111824
2014-05-25,2.276174425289048,5.5595420925735155
2014-05-26,10.104507304052794,4.33223670938286
2014-05-27,18.921305605084147,7.13335559447111
2014-05-28,19.76642389542021,4.30180570253363
2014-05-29,8.912130030541451,7.030977393551121
2014-05-30,8.482841851029441,8.831192737624097
2014-05-31,12.812779842441536,4.798084734884154
2014-06-01,3.4245178817183906,3.7046141280297973
2014-06-02,1.1919191226581294,7.41018574044674
2014-06-03,2.657510572157461,9.281741982167125
2014-06-04,9.105937928935504,6.2011798448932165
2014-06-05,11.870404520378353,3.2856243304352803
2014-06-06,9.714876833717344,3.6148026670904914
2014-06-07,4.308859559936343,3.0077571963828813
2014-06-08,3.9794000645844223,4.467281615351927
2014-06-09,7.401734844704604,3.1036448760711455
2014-06-10,7.665271756185905,2.51329899029856
2014-06-11,6.456766176902022,2.237704380404656
2014-06-12,7.943827686162146,2.8552019045416595
2014-06-13,15.259908696488582,2.0121154795221057
2014-06-14,9.461306855907564,4.291295503659796
2014-06-15,7.11898884690996,5.83076900909002
2014-06-16,13.891904602049495,6.441532782733927
2014-06-17,9.173108874147513,5.730095113406249
2014-06-18,12.884853488915764,4.5388434696870785
2014-06-19,19.891148205827953,8.8488388645998
2014-06-20,17.8621212555896,5.231715394481876
2014-06-21,17.549278674987658,1.7131688591865306
2014-06-22,15.979688071932197,2.4120708055065996
2014-06-23,12.21527078633996,5.076032835587122
2014-06-24,5.317086577998561,8.800349441301215
2014-06-25,2.879704254240267,8.081069116450017
2014-06-26,0.6812855571172953,5.862350995899798
2014-06-27,2.902729477114536,5.79388547650027
2014-06-28,2.9424609903924632,3.2371905625216466
2014-06-29,4.435795832257835,8.395693608228454
2014-06-30,7.6851642896930565,11.659464337695283
2014-07-01,10.848208964988068,2.3006927821292633
2014-07-02,9.651663174278719,3.5057158817623186
2014-07-03,12.180216019847812,5.915950439909576
2014-07-04,10.504571764392788,7.544809183732999
2014-07-05,10.427479937324042,4.698136610482005
2014-07-06,8.399445870234935,2.1396999172456983
2014-07-07,5.48474500423715,3.9834434694518928
2014-07-08,13.18851224251676,11.386185181078002
2014-07-09,16.06185537141558,10.098116841170635
2014-07-10,13.03726006136958,13.334804817838446
2014-07-11,11.087347036781232,10.063503644890794
2014-07-12,4.07592531052393,6.07643111800326
2014-07-13,5.9191162491774865,5.828867347284132
2014-07-14,13.069609235333992,4.8216157406813736
2014-07-15,9.484532692992644,6.601072665548962
2014-07-16,1.7621640684469033,5.546019088471775
2014-07-17,3.040507542154313,4.702242902201626
2014-07-18,5.364746174708859,4.585029653821025
2014-07-19,13.224093339681977,4.735162975503253
2014-07-20,14.00330902702375,5.3268320414313335
2014-07-21,11.339651836323023,8.311183002915254
2014-07-22,10.87854013516004,10.553368877993021
2014-07-23,9.114109164108815,6.09134105969573
2014-07-24,8.215396809493125,2.0809896278662148
2014-07-25,9.433973396745714,2.964682965954387
2014-07-26,5.599106698122787,5.937169261645839
2014-07-27,2.9183008044588687,7.030688931324027
2014-07-28,5.205394173884455,3.3845013211381048
2014-07-29,6.3126715187793,6.27090317258259
2014-07-30,8.94892271542497,11.986194383444321
2014-07-31,9.988281933219204,7.409162974328243
2014-08-01,4.615252885100331,3.8410141758617997
2014-08-02,10.48499632822364,2.192213213168143
2014-08-03,4.974517029268623,3.2635995947282215
2014-08-04,4.258942805041263,3.298284679037658
2014-08-05,3.239264679830971,5.390450433474311
2014-08-06,7.651812508525585,7.281213723464505
2014-08-07,5.763205213136919,5.316953784623897
2014-08-08,4.1000657061894366,1.9696272616372477
2014-08-09,17.736455611617988,2.4111467106946414
2014-08-10,15.074849037386478,3.387086949749606
2014-08-11,19.352724381409047,3.028038189027443
2014-08-12,17.931910328623236,2.4878398382101974
2014-08-13,14.035625347228628,5.100540586133041
2014-08-14,10.563703359952928,8.582865993538661
2014-08-15,7.589527032526714,7.525878798500242
2014-08-16,14.835780459095677,7.611881607433573
2014-08-17,20.40045905372938,6.1660826130029704
2014-08-18,20.55059253461915,3.0318381168927786
2014-08-19,17.327494156615014,6.096350870272673
2014-08-20,17.761657378750478,3.9547049740624765
2014-08-21,13.259780385718859,3.3592584743887426
2014-08-22,14.589115530785163,2.158685042197207
2014-08-23,12.586096820215955,3.7338111663790756
2014-08-24,12.806150544567537,6.466926481556029
2014-08-25,6.533150523540571,3.1508396275990225
2014-08-26,3.83922325320763,3.1905272470048294
2014-08-27,3.3148749246632305,3.358615999438743
2014-08-28,7.399916074777535,4.5085870049545935
2014-08-29,8.613110487859961,3.1515143534137255
2014-08-30,9.64054594284734,1.406353500153313
2014-08-31,3.528851864444708,3.013859396467484
2014-09-01,4.699672684240885,15.903187846623192
2014-09-02,4.93885478122801,12.322782331502985
2014-09-03,8.133534128105131,6.521292159358664
2014-09-04,10.193284922815861,3.591614859795805
2014-09-05,6.515902559632052,3.80415382055463
2014-09-06,3.539815467527111,4.859508533899039
2014-09-07,3.5045252543415106,3.2407292201477262
2014-09-08,13.436221408161868,1.6718241494094674
2014-09-09,16.14690504446381,1.3473994842713104
2014-09-10,11.93379024390388,2.2948326664491243
2014-09-11,6.741692904838862,5.618428668536316
2014-09-12,8.316005813372584,6.86441016161493
2014-09-13,9.667991580565495,3.8606306541868376
2014-09-14,12.695498855509966,2.4107465315008394
2014-09-15,13.93795348927507,1.3801094351425491
2014-09-16,14.06024770124609,1.607471612364535
2014-09-17,14.544328694130378,3.8107566080838033
2014-09-18,12.30511848158122,6.662082231236487
2014-09-19,7.15512303215443,7.883414673788835
2014-09-20,2.975793884304173,4.1063838616291015
2014-09-21,17.07635710437232,3.6187416985476206
2014-09-22,17.601820668117877,5.307994051038093
2014-09-23,7.516930310300941,6.860995614096022
2014-09-24,12.923854782986947,3.1440208635530293
2014-09-25,17.76172678870585,4.555846244833262
2014-09-26,15.999791234073575,7.483067195970831
2014-09-27,10.6177051654814,7.973496803027971
2014-09-28,5.63987760008038,6.250656600240282
2014-09-29,2.1956603454303565,4.340567399808351
2014-09-30,4.838529851237998,3.161055188936706
2014-10-01,6.155369987085839,2.3376442503819903
2014-10-02,2.443225368780107,3.2053476552913143
2014-10-03,6.449193199793087,3.005473752333911
2014-10-04,14.925870950826104,3.6418614068856177
2014-10-05,8.2317857216141,5.387923279507614
2014-10-06,18.252631167877645,3.8754324279064325
2014-10-07,20.586595186760682,3.8793711613347757
2014-10-08,17.79739223511364,6.049231913771424
2014-10-09,18.408532268413094,6.29595725743713
2014-10-10,14.981458135775458,4.6048298746744685
2014-10-11,6.455423342268656,3.4221589694599457
2014-10-12,5.054837649337406,4.748725985821307
2014-10-13,12.29815975644738,5.927094912796085
2014-10-14,7.076406754503941,6.167801877453412
2014-10-15,7.095791262960403,7.752918208203651
2014-10-16,4.284444877334371,6.846433665057295
2014-10-17,5.475706735161913,5.9935687495958865
2014-10-18,15.2434926772039,2.8415328613780133
2014-10-19,19.158842931514226,2.37933397267358
2014-10-20,18.776878229461662,1.2281415706564678
2014-10-21,17.217832411876547,6.371530941846457
2014-10-22,15.894484961896156,18.809321901393584
2014-10-23,11.668292695883887,16.53090868528581
2014-10-24,17.06258173670537,11.54882791390073
2014-10-25,13.233330776928371,7.367028794598103
2014-10-26,18.394588866623298,4.949926770306559
2014-10-27,17.485858605784408,3.936849696560488
2014-10-28,16.6020506926855,2.4232530554543974
2014-10-29,8.203717845500563,1.0135484285768066
2014-10-30,6.9489948404993,3.045403991615071
2014-10-31,8.979760701902324,6.045569895271839
2014-11-01,12.243199908046819,3.449879407808397
2014-11-02,17.035089273605642,1.4592458004425404
2014-11-03,19.5308354183778,5.609947854928396
2014-11-04,7.693441718420955,16.310764517344015
2014-11-05,2.457145501189219,16.058454856943733
2014-11-06,6.5756278167887,12.409467190117327
2014-11-07,16.353451111511987,17.071620296441317
2014-11-08,16.28756647631272,9.059794155320846
2014-11-09,14.069082209785355,4.993299853310538
2014-11-10,10.462039175231254,8.748003136665888
2014-11-11,13.247146208954616,13.234470809504728
2014-11-12,12.44159266831904,12.600779753724794
2014-11-13,4.791790438408369,13.194608405134925
2014-11-14,16.348035675949465,4.853373384601072
2014-11-15,18.143081595839433,9.987827021076003
2014-11-16,16.620951441332302,11.882191512491046
2014-11-17,11.278844090368532,11.677566863397027
2014-11-18,14.701208471813366,9.01739732935168
2014-11-19,8.450522622926679,4.749673009834409
2014-11-20,2.181577126139949,4.0609750731254515
2014-11-21,5.277486963707194,3.0721186002559033
2014-11-22,13.485523325989933,3.5468016908144007
2014-11-23,12.07107958555129,5.192753188549231
2014-11-24,15.819385274102803,3.7966523580243416
2014-11-25,3.518327131100748,2.558542426888664
2014-11-26,14.594137873076988,3.2751221039255087
2014-11-27,18.74761099838283,6.581583961792714
2014-11-28,20.66124124341052,15.951522367123093
2014-11-29,17.447870035008947,14.933288112701641
2014-11-30,15.325724844983352,14.695027486722292
2014-12-01,15.886620441268239,13.915714521315172
2014-12-02,6.083178628554119,10.791305532124671
2014-12-03,7.299825474523505,7.164883839628971
2014-12-04,8.914142250655651,5.069382454473489
2014-12-05,8.792676871681946,10.138213600876341
2014-12-06,10.11813380184023,10.514596369054699
2014-12-07,19.51974308450552,5.368055844696537
2014-12-08,14.558495886419854,13.426247772831053
2014-12-09,12.28056192000658,12.186228751480414
2014-12-10,21.852646260597407,12.237247340300144
2014-12-11,21.892146681593783,9.183708703559727
2014-12-12,20.719030088359446,8.243140386112167
2014-12-13,17.622622993960352,5.44173293722635
2014-12-14,18.6117542286972,6.743438160953398
2014-12-15,18.02500103122171,8.588381160302928
2014-12-16,18.130890232592073,12.382845333396459
2014-12-17,15.731037421715177,8.448256092249009
2014-12-18,19.513009546608263,4.887936523023859
2014-12-19,21.829984102434427,4.022622991219895
2014-12-20,22.744346972506513,6.970064997075876
2014-12-21,21.151072725778235,8.497554707825966
2014-12-22,22.46044339476824,4.12612133793114
2014-12-23,20.583194981980338,3.1443498829966097
2014-12-24,21.47787214959487,2.4582377001723654
2014-12-25,14.95071178580301,4.986205936167339
2014-12-26,4.1138814622200535,11.860300380155115
2014-12-27,12.80679563576926,12.688139742253254
2014-12-28,9.380445261175316,19.730014622926493
2014-12-29,12.263132355067718,16.830470916131524
2014-12-30,13.045703325215698,17.76830721585276
2014-12-31,14.542956883580107,18.37251438815191
2015-01-01,20.311593165172226,15.220809522120758
2015-01-02,22.270111359730414,8.21160619130872
2015-01-03,22.21165491299031,10.798503171332305
2015-01-04,19.32867355749395,16.246000382946225
2015-01-05,11.728603014984182,13.378218094301436
2015-01-06,14.227496601274208,9.847242428174313
2015-01-07,17.521663084424045,3.8367144311633807
2015-01-08,20.315492542898454,3.5044535425663255
2015-01-09,19.428557597245202,8.860693433997746
2015-01-10,19.511547068357732,11.311398353246785
2015-01-11,22.859126016421676,13.814297000672129
2015-01-12,22.22579592310996,9.782752822857434
2015-01-13,17.847933036939665,4.953239449161908
2015-01-14,19.09315804726648,4.265939956222556
2015-01-15,21.424119727868558,5.151194218435499
2015-01-16,19.096633006473873,9.059326925855881
2015-01-17,17.16749659356555,10.26342936820512
2015-01-18,8.489964569357706,8.86734812521821
2015-01-19,2.95795236244276,5.819095582581171
2015-01-20,2.396728184264344,5.418626227820226
2015-01-21,3.9392462323938426,7.965869202472588
2015-01-22,2.4956171354828403,9.661332399177612
2015-01-23,8.228027005009844,18.637080097581705
2015-01-24,16.714478465097002,13.62139613398123
2015-01-25,10.777809046398104,9.475020457036745
2015-01-26,17.127360475058566,8.620455168747556
2015-01-27,15.34046305118334,9.671061893356317
2015-01-28,20.72395992739428,11.228611491519546
2015-01-29,17.19381258959931,14.868649292449252
2015-01-30,5.064702079631896,21.359674568692935
2015-01-31,4.410885344755733,14.256591325220056
2015-02-01,11.947129183590132,19.277092425989157
2015-02-02,13.736205986971889,16.5118973059744
2015-02-03,9.430520756891688,14.59852040407264
2015-02-04,4.803726738702622,15.718609878618933
2015-02-05,6.942435703311717,16.47958858731157
2015-02-06,4.5123397898593645,16.91618773274683
2015-02-07,18.93203208065723,10.54253472010727
2015-02-08,19.93555145135634,13.774361825543913
2015-02-09,19.68352941419598,18.776042573356374
2015-02-10,12.264539985002711,12.925550353063015
2015-02-11,4.90301555328965,5.255584177513904
2015-02-12,3.752634621252229,3.565241703094336
2015-02-13,10.802672099457647,2.1239359073890616
2015-02-14,11.221954471802693,3.051952615132423
2015-02-15,18.017220366507235,5.989750456925737
2015-02-16,14.709090910947527,11.302685838425248
2015-02-17,9.622042498983689,14.238576062688727
2015-02-18,18.093413670652183,15.120098942425324
2015-02-19,20.021231686690513,4.8388471663425445
2015-02-20,14.058972477673754,3.170356811074189
2015-02-21,9.566723576725451,12.482582414005893
2015-02-22,15.521602890202958,14.6318240812703
2015-02-23,19.085603337879835,10.597063550085371
2015-02-24,19.302020486184094,14.350668981148818
2015-02-25,8.01445516040593,17.123380227594286
2015-02-26,14.413887808089068,11.809329574339307
2015-02-27,9.343963074867844,6.584708359048896
2015-02-28,16.233526587273055,5.2819241052614
2015-03-01,20.577012079269018,4.695490448375804
2015-03-02,20.64467244194088,11.997620207067591
2015-03-03,18.267100144656684,7.848784833482438
2015-03-04,17.718223961672027,6.273809956417062
2015-03-05,12.681806012198626,20.193085124075388
2015-03-06,15.506654274632375,17.973779951321507
2015-03-07,19.94461357165795,16.17150144589882
2015-03-08,17.003428737672834,10.13583439628054
2015-03-09,9.333835389139312,5.52173218909686
2015-03-10,15.082053679731388,4.426150287329049
2015-03-11,7.167921899490247,6.613508080031906
2015-03-12,7.623481028156368,9.625297404060435
2015-03-13,14.692854848466627,7.528722645968606
2015-03-14,15.465374792369465,3.682328774323692
2015-03-15,15.97676601338813,12.255590360318326
2015-03-16,18.470785398511687,15.411351331527888
2015-03-17,11.235461324066792,10.940929838136082
2015-03-18,6.335954725295464,4.692153219070132
2015-03-19,6.127917406992702,5.112193516070102
2015-03-20,7.705694465712193,10.930020440269026
2015-03-21,14.860011187396205,12.953300109448927
2015-03-22,6.613044060078735,11.273364375616229
2015-03-23,11.882466356912262,4.453423363820668
2015-03-24,1.8929881172240925,13.705801374112445
2015-03-25,8.330995283604091,16.920410471196984
2015-03-26,10.421713774208946,8.706187318585373
2015-03-27,7.245514417102619,14.102698683163233
2015-03-28,13.710636335975657,14.314777781072777
2015-03-29,16.308091395473394,9.886180565637442
2015-03-30,22.141538397191454,14.774022877727672
2015-03-31,20.944574281399518,12.32344914694884
2015-04-01,21.536318777813936,14.74847023706178
2015-04-02,18.089894974189622,8.435334538164733
2015-04-03,7.986962207331719,7.4915725911623845
2015-04-04,7.496438277155991,8.825047652201995
2015-04-05,5.976759251496967,15.057355075391921
2015-04-06,4.063269740838181,13.45538397767198
2015-04-07,12.006955985696036,14.036907551889437
2015-04-08,6.511553311827007,12.939682677663168
2015-04-09,2.70474833940301,7.13176476254979
2015-04-10,3.556029921508657,4.333343382766118
2015-04-11,16.377549481062317,4.594162349612631
2015-04-12,18.70858520617664,2.9128374991030554
2015-04-13,16.863825283487397,2.4780197700953255
2015-04-14,16.85036287096726,3.509956197191197
2015-04-15,17.433638255040893,3.02032618807927
2015-04-16,13.619730554493227,5.408008577173567
2015-04-17,11.905953623579387,7.4572290004956665
2015-04-18,8.612703040006398,3.3723379132244933
2015-04-19,5.846363527790789,5.922739114832053
2015-04-20,7.292056380438227,4.645747626273478
2015-04-21,13.4812178201294,6.044340062903027
2015-04-22,10.742281020756947,4.952069681670725
2015-04-23,7.543495810296983,6.16573482392304
2015-04-24,6.697110408540556,5.7169697976017035
2015-04-25,12.455277079817902,2.4968900638890124
2015-04-26,3.966514355233076,4.8096039742614
2015-04-27,8.320330226396083,11.655635978296553
2015-04-28,10.861435383974776,16.20743920667424
2015-04-29,14.113324990439844,6.628303473931233
2015-04-30,9.958446405992602,4.276463995104261
2015-05-01,6.721428071394486,5.699834031425297
2015-05-02,4.437903576697603,5.750180641610583
2015-05-03,14.845177884583073,3.0547571615880993
2015-05-04,12.537324438372382,5.687560869086478
2015-05-05,20.306705788276954,7.55884490094191
2015-05-06,17.575601929895797,4.25463676159014
2015-05-07,14.619324434525687,7.006422007726081
2015-05-08,5.096681963133476,2.9818604576535104
2015-05-09,17.475468301417454,8.32218972795914
2015-05-10,13.866864615893801,9.224560075754052
2015-05-11,14.384704752462781,7.292516128582152
2015-05-12,15.252642409183757,4.404049462312296
2015-05-13,18.68877164688475,3.813894336008991
2015-05-14,8.400035922438885,8.435152174074574
2015-05-15,5.7462027500337,14.523456546264162
2015-05-16,15.54776811503937,9.22463996501561
2015-05-17,18.45125912541029,10.558611806540663
2015-05-18,13.598448907431017,4.548446057317855
2015-05-19,14.111983008250307,3.0741290242159267
2015-05-20,9.73423503301839,6.74733999246519
2015-05-21,7.8057436235470306,10.442929890879867
2015-05-22,9.166778455439738,12.004301772375161
2015-05-23,7.4039798085170885,7.4883885345846055
2015-05-24,6.424193925293888,5.054249809974055
2015-05-25,6.298618066389474,1.786342665892517
2015-05-26,12.923601411000584,5.245719526228559
2015-05-27,9.36967136230657,7.8216331360206865
2015-05-28,16.967345481647236,6.926103676614073
2015-05-29,12.311591018668333,3.775198689344693
2015-05-30,17.051364975185514,2.133289929202557
2015-05-31,16.585856532956896,1.1233427237917626
2015-06-01,13.971858837052894,1.0293030316295386
2015-06-02,21.52915358371891,2.070658300536225
2015-06-03,18.11029931513464,3.1663676723650633
2015-06-04,4.962973671181108,2.503286917756666
2015-06-05,12.930547597101166,2.6386367812847684
2015-06-06,15.72281917646153,1.9263790555383975
2015-06-07,13.361423935474917,1.5161860890104373
2015-06-08,10.362655209561263,1.1130769076293887
2015-06-09,7.465497210520084,1.1575216507387773
2015-06-10,4.828940582365313,2.7599683809041164
2015-06-11,3.4937550889814393,4.547952799363266
2015-06-12,5.0420938884036595,7.450646667035582
2015-06-13,8.37629301136875,7.797498074484216
2015-06-14,9.606673087004639,5.886085643574435
2015-06-15,10.018491744412843,3.313382938984324
2015-06-16,6.94686258747547,3.6508777763847693
2015-06-17,13.84066265766877,8.151053290687097
2015-06-18,16.15842015785721,10.809876285325132
2015-06-19,15.645039399282343,7.488993955178481
2015-06-20,7.935751010401221,6.743547021636947
2015-06-21,7.6893223952366965,5.8208400729110945
2015-06-22,5.510981122908819,3.6144460933579707
2015-06-23,11.511271069506515,5.742544567120557
2015-06-24,13.114312311193594,5.653372005409018
2015-06-25,3.296259343181269,5.243334565566443
2015-06-26,3.9134715577353267,7.513328171728327
2015-06-27,9.688362401375331,6.334222319279997
2015-06-28,8.058425578113392,3.4028038918320767
2015-06-29,5.526713060494944,2.57658008346776
2015-06-30,3.784557157843537,2.1763499391826833
2015-07-01,12.889796810207317,2.600727260298333
2015-07-02,15.759499551594066,2.6457471207551473
2015-07-03,4.217946597548216,2.193052108898248
2015-07-04,8.71427571145046,1.620660304569051
2015-07-05,5.872125195966671,1.2143373058361324
2015-07-06,15.831812457333756,1.1855910381472694
2015-07-07,9.825007412715872,1.1155952544046746
2015-07-08,20.3147835545915,4.240952071326001
2015-07-09,21.93748754175112,7.478826312845584
2015-07-10,11.516150650468889,4.28484244781587
2015-07-11,5.633355236897748,2.8225544487272685
2015-07-12,8.038055896753052,3.080769012880629
2015-07-13,3.9247317200060508,3.6124022090824
2015-07-14,3.4936815864976394,2.861074775585724
2015-07-15,4.985002001218847,1.497071119490124
2015-07-16,4.712517678481971,1.7381377259234752
2015-07-17,13.027703916616101,2.061690812085878
2015-07-18,14.546285961849701,2.6292856535287052
2015-07-19,8.694119424125711,2.2672353630351165
2015-07-20,9.019493816356313,2.7171778620479703
2015-07-21,14.40125004336123,3.095472511445132
2015-07-22,7.647608112026604,2.364706663368883
2015-07-23,8.035016932403478,3.1447653032265244
2015-07-24,6.255301592102992,2.5319876202958764
2015-07-25,16.36092766846718,3.791468757391265
2015-07-26,13.587892518046282,5.3604530282405545
2015-07-27,11.525730133138211,5.613887277300968
2015-07-28,15.286637565746828,6.054560324185998
2015-07-29,19.35843035852688,4.217721334639169
2015-07-30,20.975712968684775,3.005542387280061
2015-07-31,11.597805546250274,3.802278126851018
2015-08-01,5.405467048511831,2.9989799548804763
2015-08-02,3.833049488752528,2.6903824414009003
2015-08-03,11.312650989902725,4.078765253486113
2015-08-04,7.954928189979958,3.4274889792162537
2015-08-05,7.16675412943464,2.8452506831720794
2015-08-06,7.625253296125,3.0887910303237445
2015-08-07,3.131107306035536,2.8009113933938696
2015-08-08,5.32080588530384,1.8930329048337937
2015-08-09,4.147811533409458,2.843392060262255
2015-08-10,4.164782252674069,4.257198038396709
2015-08-11,4.119632764416125,5.136972000664651
2015-08-12,4.27180564218342,5.264619624843174
2015-08-13,11.815836559257553,3.564572495796023
2015-08-14,13.522541414374336,3.22227697036827
2015-08-15,5.274991564961968,4.3102598014258655
2015-08-16,11.318727901546023,8.170007230425572
2015-08-17,14.852595331717056,5.219225422383195
2015-08-18,13.768525457962195,2.7086113376274694
2015-08-19,5.922055681853772,4.509344743860301
2015-08-20,5.729566250733594,5.636740083219582
2015-08-21,7.990568401494439,4.062408048228277
2015-08-22,11.240821845693985,3.1544428174439356
2015-08-23,17.022519735580577,4.287165792198794
2015-08-24,14.086850659231715,6.502248956612399
2015-08-25,17.424790732121473,4.893212590945608
2015-08-26,17.346646889778704,2.4205011511292533
2015-08-27,15.248945200012695,1.3104358557253213
2015-08-28,11.704436747248216,2.251787124478273
2015-08-29,6.900662943528042,3.631264940240746
2015-08-30,4.541664832927701,3.308812953310045
2015-08-31,8.808305496093753,2.321262558141978
2015-09-01,16.636318954933056,1.9951749329061548
2015-09-02,18.716253716797812,3.2068907379930933
2015-09-03,13.689917551108637,3.0399766088389493
2015-09-04,12.022206037851035,2.7942026430866806
2015-09-05,21.456110977537747,8.084220544356159
2015-09-06,20.703884369270217,5.054076667381357
2015-09-07,13.111768038717768,3.848217280135594
2015-09-08,7.404614484108431,4.15127985977511
2015-09-09,4.684802909504364,7.53785637017151
2015-09-10,9.458920059642729,7.271645103729432
2015-09-11,13.995930118830362,2.1323416024494297
2015-09-12,13.643505711712109,4.997728320674111
2015-09-13,8.380289030540128,7.39874730846283
2015-09-14,12.455449147262977,8.464750332053741
2015-09-15,18.41936701023065,5.335191855938838
2015-09-16,13.697557962536646,7.312480824149366
2015-09-17,19.759980784790187,6.397686648954789
2015-09-18,11.7973528780795,3.8163942958043418
2015-09-19,7.859002427184732,5.460241944019016
2015-09-20,10.38990604257449,11.812872155396043
2015-09-21,9.125384237308804,12.860067258974528
2015-09-22,8.711420192677632,5.827396373881543
2015-09-23,2.6057176777745905,6.794143520987323
2015-09-24,14.980920071051552,10.097884420161474
2015-09-25,10.088921781347112,4.358694619610582
2015-09-26,5.180989559579162,3.1057023544508113
2015-09-27,4.7175037950524334,4.047699270592315
2015-09-28,2.8580728943839606,5.17651539982137
2015-09-29,2.6044166299579623,5.459507757242467
2015-09-30,1.895194037836897,7.5140256076571985
2015-10-01,4.179421012233093,12.814061472130884
2015-10-02,4.703331408206159,10.992378997650999
2015-10-03,3.6446319570268533,4.525446088826837
2015-10-04,2.8648038359305263,4.662118870188949
2015-10-05,9.209310262966623,4.275095204178402
2015-10-06,18.661267609887208,6.794081868155786
2015-10-07,14.942674905609836,12.290850887922394
2015-10-08,7.762228258354209,4.5289731215603135
2015-10-09,5.0493868334670235,7.197747546775648
2015-10-10,10.56444213461013,16.947976698897236
2015-10-11,15.91646308192604,13.402694410124345
2015-10-12,13.517473457792141,4.752019014812889
2015-10-13,13.150361829695074,6.790868409384676
2015-10-14,16.344087030839543,11.090773963023732
2015-10-15,16.852436183991287,10.903004955652376
2015-10-16,14.142030586769405,4.77811621690687
2015-10-17,6.82476694768905,1.8264266468756651
2015-10-18,6.878338775224501,3.6371762301397137
2015-10-19,3.956421414975089,4.333296985741507
2015-10-20,2.9434717868733857,4.4563598092999115
2015-10-21,12.758742779206019,11.639091346118443
2015-10-22,18.281670753422542,15.770790228604973
2015-10-23,12.87046812891677,13.002951332785024
2015-10-24,13.77459978077846,6.2681525462152505
2015-10-25,10.61324952283115,2.5446264353621775
2015-10-26,9.114468428806983,3.7231423913836466
2015-10-27,11.987942150667187,3.708775978550406
2015-10-28,15.029359143719084,5.181383096858598
2015-10-29,4.749243746867833,6.871540421891107
2015-10-30,11.004438465352342,7.153357556464519
2015-10-31,12.01929704696365,13.715978949229914
2015-11-01,3.6216576411699384,15.057190260134364
2015-11-02,3.4684277827784555,11.015281513402366
2015-11-03,3.4550015625456143,5.479364833321803
2015-11-04,6.276559456244335,2.787471552083371
2015-11-05,9.952383231497894,2.216130488104709
2015-11-06,12.43465442384702,3.7870162738377964
2015-11-07,16.892963087415215,3.807856022318356
2015-11-08,16.301926970085535,2.737570110047
2015-11-09,21.765699892994622,5.240544832884167
2015-11-10,22.538929745055956,5.188720077087697
2015-11-11,20.040134885771124,2.362832191224054
2015-11-12,18.225719771251196,1.2535429702474292
2015-11-13,20.933691285371772,1.1513249712882765
2015-11-14,20.96363917325929,3.7994399530305243
2015-11-15,7.96084195404693,4.549811877502745
2015-11-16,18.93503554549122,3.395360601734154
2015-11-17,16.453766664124892,2.09245970198037
2015-11-18,22.56771196258852,3.2927408612828537
2015-11-19,22.03711118990208,3.601696807089314
2015-11-20,12.241153560418434,9.788944000605142
2015-11-21,13.738641596397033,20.602023415804858
2015-11-22,16.738720609834296,13.463258788282502
2015-11-23,11.444156544116774,3.806660303804924
2015-11-24,19.279685960058718,7.323159416827112
2015-11-25,12.534951548272907,15.817582822791309
2015-11-26,9.948024030000976,19.071981447078986
2015-11-27,18.78583522910351,17.854743751825655
2015-11-28,20.546005348989176,13.68576353259297
2015-11-29,21.521151985608675,10.317997531053724
2015-11-30,19.14650573601828,8.710425720592573
2015-12-01,16.630697891957343,7.420780186003484
2015-12-02,19.171706943528473,2.3299303652995773
2015-12-03,16.156492805099667,1.4035705893772839
2015-12-04,21.97490638068844,0.9336361003239434
2015-12-05,20.959526681794845,1.3258856838819846
2015-12-06,21.244037438527663,3.392004371392314
2015-12-07,8.072173970391963,3.623014529432299
2015-12-08,16.27326650642676,2.9045364664049815
2015-12-09,18.784348329925695,4.711370904228957
2015-12-10,21.190972323554806,6.6320840287172995
2015-12-11,20.80781875374106,9.186025651241621
2015-12-12,15.892225273185932,5.096440654799094
2015-12-13,10.04847694009868,2.1274297425602886
2015-12-14,8.37480716287501,1.2874516726945047
2015-12-15,6.560449449567664,2.9518263666469307
2015-12-16,16.13036477813528,5.828899392379027
2015-12-17,17.966713612956422,5.780878820068175
2015-12-18,18.34883752624359,3.2304423144647885
2015-12-19,19.434156471450702,2.1743956354858844
2015-12-20,19.304107497039794,3.73225317421838
2015-12-21,21.270676089085132,2.908784555677593
2015-12-22,21.77321867315436,3.903661400868786
2015-12-23,21.23030899597742,3.582316833347417
2015-12-24,19.719685632669986,2.8462846664073735
2015-12-25,18.742067638149415,3.5489416281978
2015-12-26,18.337789630676642,2.6469773811755495
2015-12-27,17.590530339124502,2.518337332305812
2015-12-28,13.440454995100843,3.2718907923722327
2015-12-29,18.199692691056942,5.308871785868326
2015-12-30,19.821378650595136,5.742737566716356
2015-12-31,18.856212399735664,4.32689467616017
2016-01-01,7.3084834979533735,1.6112713730090005
2016-01-02,21.272701514191148,8.85183567301592
2016-01-03,22.169165189405415,17.636076138519133
2016-01-04,20.548433496697886,15.884171037069637
2016-01-05,20.11418538274303,11.003729208225854
2016-01-06,18.745700158614223,15.923214153073088
2016-01-07,20.44499110929073,18.03983144095934
2016-01-08,14.48242114689275,11.225160244171839
2016-01-09,13.20904897291393,11.029895934920312
2016-01-10,17.382421769521507,13.883622272874234
2016-01-11,10.546229837325884,17.70944899484154
2016-01-12,8.205164412539045,18.109009489835756
2016-01-13,9.815624414307576,17.35605512665725
2016-01-14,10.133462501013133,9.740422194471966
2016-01-15,7.096983126461655,15.928699542671103
2016-01-16,9.767536925084276,16.657242290848437
2016-01-17,6.485503068898738,19.522825591382063
2016-01-18,10.277237298538928,11.537620576538018
2016-01-19,12.734030140916195,10.804760734437794
2016-01-20,6.550363662970131,5.210781094156137
2016-01-21,6.24737919770297,2.042128920376208
2016-01-22,14.643548388136743,3.874923453750753
2016-01-23,11.848403539990501,4.412452407134476
2016-01-24,15.44537615928567,5.8749075870457155
2016-01-25,16.371435919181142,5.099978878653757
2016-01-26,19.343684063312153,4.904566251491242
2016-01-27,22.78433877535498,1.8845017871951437
2016-01-28,21.647159055311302,2.235957507921117
2016-01-29,21.835743671790617,1.6538674216131437
2016-01-30,21.619474226797767,3.331850441944823
2016-01-31,18.583826226948425,11.712997412446565
2016-02-01,17.756781821175267,6.6052146107088765
2016-02-02,21.258474743294496,3.13870389497122
2016-02-03,21.303708866242687,10.23872889727524
2016-02-04,13.57637726341905,18.302516443606198
2016-02-05,15.317500803453694,11.125482382351324
2016-02-06,19.1949949675845,7.566553959347324
2016-02-07,20.682380418481532,14.757882500272034
2016-02-08,22.36565972336396,10.54085301738756
2016-02-09,16.55726045011035,13.545405866753356
2016-02-10,13.078473957984393,19.616111149403395
2016-02-11,9.413245036951501,9.321920411892036
2016-02-12,2.6337835115381685,11.497957485649362
2016-02-13,8.959971222932,14.717982609212804
2016-02-14,18.612690347308867,13.817876606821631
2016-02-15,12.495494937206823,12.181281942948218
2016-02-16,6.308597405745489,12.56023398651683
2016-02-17,14.089990932997676,9.56089341051169
2016-02-18,7.350687560965609,13.439659784364347
2016-02-19,9.189199413745811,9.409289875798594
2016-02-20,20.333812414665466,13.684687697532722
2016-02-21,19.49628664148821,6.947041696970976
2016-02-22,20.065282150958517,3.930298865883804
2016-02-23,18.31008247748199,9.672409039376808
2016-02-24,15.403432013128025,9.650415265177319
2016-02-25,12.788746877543884,8.109794258102694
2016-02-26,5.828599972959453,9.35050907955976
2016-02-27,1.5988065386212102,14.498411495965707
2016-02-28,4.63163958135485,18.65526499713453
2016-02-29,4.851097568704439,15.418495170428391
2016-03-01,15.068358343386425,13.675033387806936
2016-03-02,11.574259723119468,11.962551410287453
2016-03-03,4.542714871843803,20.01652694840241
2016-03-04,12.886251086064576,14.315958686091557
2016-03-05,6.985985097072526,14.911053652808597
2016-03-06,7.2466694666037235,9.998202675937094
2016-03-07,5.889690633363472,10.14421112089225
2016-03-08,7.06035512066747,6.190489052858875
2016-03-09,13.400577571347808,9.130838944878526
2016-03-10,8.975284996788803,7.854042204222171
2016-03-11,5.462767190263652,11.6962403035583
2016-03-12,4.944516532802693,11.159788786849813
2016-03-13,3.0208344242276177,11.694885329955111
2016-03-14,4.512236015918216,6.397809059832586
2016-03-15,8.811007583606104,3.342844440009908
2016-03-16,5.049228595334742,6.132783372602429
2016-03-17,7.284642188426948,6.524566156241253
2016-03-18,10.179402650229024,4.671338179460014
2016-03-19,12.328521907637649,3.854609200091369
2016-03-20,16.101921611910683,6.040389960500687
2016-03-21,17.87333748127954,10.753139287663778
2016-03-22,12.10626430929485,13.858075860578651
2016-03-23,9.49973340100654,19.0500448696896
2016-03-24,7.027595070180224,12.460833590904
2016-03-25,10.172561687353967,7.967720905201878
2016-03-26,15.356940123241927,5.08151316978722
2016-03-27,17.5412305532954,5.745441649586025
2016-03-28,19.712001865347258,6.754567067534231
2016-03-29,13.17649075386449,4.236574123886423
2016-03-30,14.035377629288948,5.871425757361745
2016-03-31,6.829422739404075,12.104555302072946
2016-04-01,6.044159670118569,10.469636895316096
2016-04-02,8.987440837037715,9.721320499021799
2016-04-03,8.498503311052772,6.063305235301674
2016-04-04,10.432811773371613,4.720899784019597
2016-04-05,9.005250262975098,6.573996038133024
2016-04-06,17.763694973346283,6.625438331627484
2016-04-07,17.90434040075891,11.120713509041286
2016-04-08,7.882564275975608,13.364040308438653
2016-04-09,7.121451958809331,11.83566350371662
2016-04-10,9.715614740279568,9.802349460575124
2016-04-11,15.461616028410237,6.150740541920133
2016-04-12,9.578515034186944,5.171209989288812
2016-04-13,2.340074167524758,9.056485957096466
2016-04-14,2.1760242302651527,8.336117426074537
2016-04-15,4.005720625021097,3.9883644002212137
2016-04-16,11.692586012669576,7.528981267354483
2016-04-17,16.10845407336706,7.253343985563133
2016-04-18,19.07258858125069,8.289367093972807
2016-04-19,20.295047947898052,10.25278590396356
2016-04-20,11.251539220530107,10.660185364221437
2016-04-21,9.537758741599529,5.761294099002371
2016-04-22,11.886446921051945,3.0672303441174242
2016-04-23,13.318481671318551,8.209658433011965
2016-04-24,9.285673268849592,16.137965405887694
2016-04-25,9.615823724585788,17.155451778521815
2016-04-26,7.651785308406389,7.91593766420619
2016-04-27,12.91560691934721,6.5990928727764615
2016-04-28,7.580087899732213,6.004309931137357
2016-04-29,17.195537142118642,6.36022129042149
2016-04-30,8.987253739063531,4.363494869191549
2016-05-01,4.042258943114198,9.384581458983547
2016-05-02,9.860793922003252,13.150952680120982
2016-05-03,10.74287695216913,14.722819646720373
2016-05-04,4.929209984717306,9.109304230433317
2016-05-05,8.655829935887503,5.127678595950815
2016-05-06,13.72348503666759,5.291242318814711
2016-05-07,15.363245079085695,7.744378828408319
2016-05-08,17.696809856712832,6.780428639265429
2016-05-09,16.847623680725885,7.368533833750424
2016-05-10,15.023675807822816,8.230565383986088
2016-05-11,17.176194753712085,9.253191723363294
2016-05-12,15.530533656239424,10.863192941804837
2016-05-13,12.608031692956072,12.761349862766377
2016-05-14,17.495310373323598,11.93825523652021
2016-05-15,17.086816432032386,12.877337500206172
2016-05-16,15.446139868455253,8.132615101471732
2016-05-17,11.980969610705593,4.7645855322575095
2016-05-18,6.497841131298357,2.675135032921996
2016-05-19,4.309162231092692,8.034740236605467
2016-05-20,10.962660574213356,12.325169789035883
2016-05-21,11.182817205384712,10.480362927625544
2016-05-22,9.70870123439671,4.685045297688367
2016-05-23,9.482672088114178,12.321958943771623
2016-05-24,11.654754370818031,9.295003101288303
2016-05-25,3.421189400454583,3.6966082831747347
2016-05-26,2.354269665923746,4.974883618290531
2016-05-27,3.3087402197669973,4.147535744288977
2016-05-28,6.911151020128914,3.2368973536175756
2016-05-29,12.682071896151012,7.923970879236761
2016-05-30,17.431783554135254,5.890696928871735
2016-05-31,12.298839772803262,4.547834740186087
2016-06-01,16.016027644824952,4.544971284055966
2016-06-02,13.904113465575715,3.6782582515426716
2016-06-03,8.391167964541292,2.153609882101558
2016-06-04,5.586203460546401,1.4618119980515827
2016-06-05,5.914765286400412,1.5177492798077807
2016-06-06,3.7502394113202757,2.036188745889639
2016-06-07,3.9902130788054615,3.291419520861233
2016-06-08,11.966985602742264,2.626430338581478
2016-06-09,8.215229410043507,4.2516616959337306
2016-06-10,9.362843153985986,3.035399632775241
2016-06-11,2.932782387012208,3.6479375959310048
2016-06-12,9.126545813828374,7.959153069210172
2016-06-13,11.40288161740413,10.21388687150139
2016-06-14,4.335753650613671,9.303287950666052
2016-06-15,1.3457314476862552,7.105533562080763
2016-06-16,1.1586949408756115,13.66372230421054
2016-06-17,5.415248172566285,7.918742137886033
2016-06-18,10.82809781785792,4.404004761512474
2016-06-19,8.492104529267026,8.909148202763248
2016-06-20,13.581998873110372,5.114142769955394
2016-06-21,4.534878991313407,4.760249080390285
2016-06-22,4.81129662396085,5.214055619339896
2016-06-23,6.557778136737679,5.38460549048535
2016-06-24,6.364326345987088,5.893547166039151
2016-06-25,4.450542300661829,4.591427221920746
2016-06-26,9.865820865785496,3.6304066711094443
2016-06-27,12.41504349331091,6.420534693969604
2016-06-28,5.108371341500773,6.428926901097997
2016-06-29,12.417131701363202,2.9189841090721913
2016-06-30,9.370294083822316,2.8027888939261354
2016-07-01,13.972845685352633,1.7001979877332325
2016-07-02,15.70813204432975,2.1234980180295278
2016-07-03,13.986330931336003,5.0819439955613115
2016-07-04,6.583232508621247,3.0573314228270028
2016-07-05,14.165226885600312,1.9096587391443918
2016-07-06,18.954771933480586,3.419355056219542
2016-07-07,11.790053430783558,3.936123961212811
2016-07-08,12.136135117506388,2.812296422699007
2016-07-09,12.054113477165886,1.8757683230259181
2016-07-10,12.787416231258675,1.5403163390305985
2016-07-11,16.474033160211327,1.6577952083692418
2016-07-12,10.228489259671047,1.8826677850275253
2016-07-13,4.444018309735827,6.96047360342907
2016-07-14,15.227151115419192,12.453175750397229
2016-07-15,15.703277521992527,15.456121848390657
2016-07-16,13.42672613840179,10.621031536551898
2016-07-17,10.062940717101531,6.083365925384314
2016-07-18,9.495996843675028,6.47562456641125
2016-07-19,3.939026805677403,6.367605093291346
2016-07-20,11.452318594487108,5.048861381697691
2016-07-21,5.508688500604993,2.247879290218249
2016-07-22,4.259351356926857,4.219896491709609
2016-07-23,2.9462835558639053,4.9975950360910755
2016-07-24,1.8228884312860785,5.0404642204262995
2016-07-25,6.626138628331755,5.433469988306918
2016-07-26,5.131199711347107,5.489607497895309
2016-07-27,8.660035678682453,3.9181809535456837
2016-07-28,2.9937844222946692,3.162212590420417
2016-07-29,5.018503161469113,2.9254157530416767
2016-07-30,6.0874444144789805,2.206522127096262
2016-07-31,4.583149992176596,3.3501299690683926
2016-08-01,9.623240651696202,6.12163130308291
2016-08-02,4.17331793066931,6.333501817539048
2016-08-03,14.537157232642528,4.363557565113469
2016-08-04,15.780238529969456,1.9442665118694231
2016-08-05,9.881837928244483,4.847581271235257
2016-08-06,10.827277844526792,8.931534812133211
2016-08-07,16.250729255519982,9.019030190808168
2016-08-08,19.40824370963336,6.053417684892742
2016-08-09,17.053209067370343,4.742248595191648
2016-08-10,14.311720741992366,6.678635908774086
2016-08-11,8.991694274348202,8.953228500096891
2016-08-12,12.494010503349704,8.391723267820508
2016-08-13,15.662544258415725,5.482465839233558
2016-08-14,8.716178033579876,2.5233805900856465
2016-08-15,4.92256651610928,2.0363098370252555
2016-08-16,3.4167296803201057,2.071181239475401
2016-08-17,3.4596583875477855,2.559982816784167
2016-08-18,5.3575502169595595,2.2420998336664364
2016-08-19,3.971155763608091,2.1600485377280476
2016-08-20,11.745964893042402,1.8028979135274978
2016-08-21,11.628833974931528,4.005695298514796
2016-08-22,10.492430770490127,8.099903002596403
2016-08-23,4.762611846198708,9.80630254445888
2016-08-24,8.772959891269208,6.7789247030878705
2016-08-25,7.697062212026164,5.562131826781197
2016-08-26,10.198228029566648,2.8612164690149684
2016-08-27,5.209719778873499,1.5436373272067605
2016-08-28,10.50083026332527,1.6730609421439462
2016-08-29,14.770902005039911,2.0990055114524755
2016-08-30,9.190052068500691,2.0313253483878664
2016-08-31,6.568560500424832,1.888833287096097
2016-09-01,8.794562200611113,2.456307943009346
2016-09-02,12.003895449416918,4.536513357943921
2016-09-03,8.5532347062634,4.112266512644668
2016-09-04,8.499105811986565,3.091123063495284
2016-09-05,4.834411394709365,8.418610691985974
2016-09-06,6.853278445018178,10.588538840093342
2016-09-07,4.354848262113197,5.842387619980224
2016-09-08,7.99681657772022,6.144193638334242
2016-09-09,7.629659937538623,5.153899034362277
2016-09-10,8.651609822883938,2.795936066369167
2016-09-11,6.815255171975931,2.036562118458735
2016-09-12,8.224981704480909,1.3867413978300742
2016-09-13,10.250067509706719,1.4027144556960303
2016-09-14,13.469450269604854,2.1385620668446386
2016-09-15,13.74585698721033,2.8465680688909876
2016-09-16,7.528467266208325,6.544191714060617
2016-09-17,8.83512611213491,7.901600501058679
2016-09-18,9.096448816785404,7.033272373978691
2016-09-19,2.573054811474857,12.66089452646793
2016-09-20,2.0301347313415032,6.27662135762175
2016-09-21,3.515001851794086,6.414445193141189
2016-09-22,3.8870157397085414,5.013694719771194
2016-09-23,7.7414235651188354,1.5408012207111659
2016-09-24,9.55089252339742,1.5122713625829776
2016-09-25,13.150380692053833,2.6606462241719377
2016-09-26,3.9964124513267354,2.4190314725394537
2016-09-27,10.985625341723345,2.5259351917514894
2016-09-28,20.505674327440197,5.05758156856671
2016-09-29,21.5233442659101,2.651371640504645
2016-09-30,17.157531491143544,3.1303935610801723
2016-10-01,4.132319426240556,4.571374722646348
2016-10-02,4.887759952523673,3.682696528680157
2016-10-03,13.421899164150807,2.7703778313467646
2016-10-04,16.596740582783326,3.799612887806778
2016-10-05,17.441238686857112,4.325967858871232
2016-10-06,17.82659137970604,3.9000646331839226
2016-10-07,13.718435225559356,10.975818253513609
2016-10-08,12.010859645760647,3.875323236589159
2016-10-09,7.893630107162187,3.9476443149645357
2016-10-10,7.4245736716512525,5.712527319141384
2016-10-11,17.531117783680422,9.858321632859706
2016-10-12,16.691718266954258,7.283806477651809
2016-10-13,17.516419276386717,14.138247542917483
2016-10-14,20.31627670037936,16.300787885446784
2016-10-15,14.7603531085603,7.979607303404222
2016-10-16,11.776272362605184,5.289780089370496
2016-10-17,9.446918744905197,3.5702024312551184
2016-10-18,10.8397941459765,2.32373534004142
2016-10-19,6.325829648635611,3.8822190194484794
2016-10-20,12.510478612157426,5.4347071418632895
2016-10-21,12.923265616497092,5.167493166116609
2016-10-22,9.275966945458215,2.5981416806694604
2016-10-23,5.210910905642232,5.769860072003717
2016-10-24,8.453773906451419,8.863296488497324
2016-10-25,3.0655109492920034,4.8588665856971645
2016-10-26,10.105372135385323,3.3059468640186362
2016-10-27,15.727323129388555,12.262532663479648
2016-10-28,18.784053847107945,14.644014224229085
2016-10-29,15.311767913209591,7.938946126083152
2016-10-30,4.390304091942277,5.633774533571178
2016-10-31,5.534270136221343,7.187160434247654
2016-11-01,16.6710714930545,2.6739041799178604
2016-11-02,15.916407455160005,4.451699070640524
2016-11-03,6.6861294337824795,7.311662303828478
2016-11-04,12.868915564509765,3.13849794634253
2016-11-05,7.865146894222851,12.15707669161403
2016-11-06,12.377557363542104,17.318339455472895
2016-11-07,13.966555189369409,8.830344009809437
2016-11-08,5.838850515494005,13.175425055202
2016-11-09,5.448352803586859,17.32862367313553
2016-11-10,6.657902002977971,15.419164144977954
2016-11-11,7.022994754628881,14.564956586689886
2016-11-12,12.481354512762865,15.308308538460645
2016-11-13,9.264390665178183,3.1237135024892213
2016-11-14,16.074882630152565,5.5864096383725315
2016-11-15,14.883793007398781,6.781614912682847
2016-11-16,16.0363247893575,5.820529063156258
2016-11-17,17.76083854374711,4.352371966804501
2016-11-18,19.922441993936246,7.643659319184532
2016-11-19,17.311817809200665,8.740581648395338
2016-11-20,19.943209997454403,5.194287691384286
2016-11-21,12.993831314208444,7.836847873544236
2016-11-22,15.140419584671479,9.799515474029647
2016-11-23,6.469177450151863,12.806037354492044
2016-11-24,7.014513995443096,13.95252775064365
2016-11-25,2.7945192501127547,8.87508430514575
2016-11-26,14.15138266691228,3.797137401878468
2016-11-27,14.84587377675731,2.3679600591775976
2016-11-28,7.399204215883207,4.6345246877007495
2016-11-29,14.797153666104963,16.10483901776838
2016-11-30,20.121625750031917,11.410765027081856
2016-12-01,21.886275061861905,6.394650153990964
2016-12-02,13.895559770955517,6.468993455739029
2016-12-03,3.856213584221848,3.016619161668536
2016-12-04,3.3101098110655593,5.846390210246571
2016-12-05,5.568302462434602,8.262510068667924
2016-12-06,5.586259473321081,6.63162368734673
2016-12-07,17.567555140437847,10.80712706858223
2016-12-08,18.1509798339278,6.892207507541178
2016-12-09,17.33398407775992,2.2357349914854074
2016-12-10,15.919717343834886,3.244634921770695
2016-12-11,17.2315936325978,4.510728848384644
2016-12-12,6.641942865373713,9.958146649375884
2016-12-13,6.555607106531697,7.8436315044135085
2016-12-14,5.846789589270848,2.1560953792841144
2016-12-15,11.997092250465718,5.357239666129973
2016-12-16,6.866483091637153,13.199471739916701
2016-12-17,7.666979983473036,14.74095479954186
2016-12-18,6.4942723254716475,6.347950127143862
2016-12-19,4.490534531606519,16.400053257355065
2016-12-20,9.510485400221727,18.08741922861499
2016-12-21,18.12383469673798,11.535153819368906
2016-12-22,16.77995032961533,5.193299640042048
2016-12-23,19.48726630842892,6.154015970214415
2016-12-24,22.35247096521997,7.377375399586432
2016-12-25,21.528237411101156,6.904977351398477
2016-12-26,21.31344987637576,4.35274110315205
2016-12-27,21.093249143600804,6.892262471844077
2016-12-28,9.3661448534615,12.71896808930503
2016-12-29,14.05008401652773,17.327256545613363
2016-12-30,15.480681797534084,10.403113967833429
2016-12-31,18.916631607632844,5.407518898670874
