utc_timestamp,DEU,ITA,CHE
2014-01-01,-1113.4845363,-614.2500000000001,-139.74599999999998
2014-01-02,-1384.6402062,-766.616,-146.394
2014-01-03,-1422.4494847,-782.5989999999999,-154.958
2014-01-04,-1310.3391752,-739.373,-148.425
2014-01-05,-1218.9855669,-685.5310000000001,-137.42700000000002
2014-01-06,-1451.7546391,-676.116,-163.208
2014-01-07,-1576.5463917,-890.7110000000001,-155.94400000000005
2014-01-08,-1598.3484535,-935.614,-152.92599999999996
2014-01-09,-1620.8185565999997,-946.336,-153.61300000000003
2014-01-10,-1600.425773,-939.838,-155.70600000000002
2014-01-11,-1392.2051547000003,-806.921,-141.41
2014-01-12,-1282.0907214,-707.9970000000001,-138.84
2014-01-13,-1631.7494845000003,-914.3069999999998,-162.50399999999996
2014-01-14,-1646.6752577000002,-962.4139999999995,-164.77899999999997
2014-01-15,-1641.6329898999998,-960.9940000000001,-162.01599999999996
2014-01-16,-1657.5298968000002,-971.075,-162.81399999999996
2014-01-17,-1620.2443299000001,-971.5179999999998,-161.79999999999995
2014-01-18,-1395.3144333,-827.0149999999999,-145.034
2014-01-19,-1294.6536084999998,-727.9780000000001,-139.811
2014-01-20,-1639.8835050999999,-913.5699999999999,-160.487
2014-01-21,-1675.0577318,-951.693,-161.331
2014-01-22,-1675.4175257,-959.634,-162.83900000000003
2014-01-23,-1681.8278351,-964.503,-164.448
2014-01-24,-1667.4340205,-970.9749999999999,-164.353
2014-01-25,-1442.3958766000003,-846.7090000000003,-152.895
2014-01-26,-1343.0257731000004,-743.151,-144.983
2014-01-27,-1662.0752578000001,-933.5629999999999,-164.89199999999994
2014-01-28,-1687.3721649000004,-979.1840000000001,-167.58699999999996
2014-01-29,-1711.2989694000003,-994.064,-167.875
2014-01-30,-1702.6072164999998,-991.3590000000005,-167.70400000000004
2014-01-31,-1654.9123712000003,-980.062,-166.51800000000003
2014-02-01,-1434.4639179000003,-829.4340000000002,-152.56599999999997
2014-02-02,-1304.5525773,-726.6059999999999,-145.672
2014-02-03,-1647.9907216999998,-918.6619999999999,-164.12599999999995
2014-02-04,-1667.8340206999999,-959.947,-163.89800000000002
2014-02-05,-1673.4443299000002,-969.2989999999999,-168.55599999999998
2014-02-06,-1647.4010307,-958.0450000000001,-163.17699999999996
2014-02-07,-1625.7010311000001,-964.509,-164.99499999999998
2014-02-08,-1408.0546394,-826.0479999999999,-151.468
2014-02-09,-1290.8319585000004,-725.9969999999998,-141.45000000000002
2014-02-10,-1626.1113401999999,-927.0030000000002,-161.019
2014-02-11,-1649.675258,-953.507,-157.33200000000005
2014-02-12,-1646.5175256000002,-960.8209999999999,-157.68300000000002
2014-02-13,-1651.9329897000002,-964.633,-160.084
2014-02-14,-1618.7762887000001,-946.2160000000001,-158.053
2014-02-15,-1389.1783507000005,-810.4519999999999,-140.173
2014-02-16,-1275.9319586999998,-708.187,-143.549
2014-02-17,-1596.5402060000004,-887.321,-155.852
2014-02-18,-1631.8886599,-929.4739999999999,-157.573
2014-02-19,-1637.7340208,-943.281,-160.957
2014-02-20,-1612.7226802999999,-941.039,-154.70600000000002
2014-02-21,-1597.9309277,-938.5609999999999,-158.78199999999995
2014-02-22,-1372.1226803,-801.981,-141.92300000000003
2014-02-23,-1244.0164946000004,-701.909,-138.811
2014-02-24,-1568.1268039999995,-875.418,-156.161
2014-02-25,-1600.9536081,-922.057,-153.87499999999997
2014-02-26,-1603.1319589000002,-937.893,-154.78100000000003
2014-02-27,-1601.5051546000002,-929.5789999999998,-153.501
2014-02-28,-1571.8721648000003,-925.0559999999998,-151.157
2014-03-01,-1351.4051545999998,-810.4350000000002,-137.23700000000002
2014-03-02,-1242.6618554,-704.5930000000001,-139.54
2014-03-03,-1525.1144328,-890.5370000000001,-158.175
2014-03-04,-1568.9463915999997,-928.6199999999999,-159.357
2014-03-05,-1598.9113401,-938.719,-157.978
2014-03-06,-1594.3020613000003,-939.843,-157.29599999999996
2014-03-07,-1561.7494846,-929.625,-155.66299999999998
2014-03-08,-1318.7237113,-794.756,-142.39000000000001
2014-03-09,-1197.4185568,-693.303,-135.78699999999998
2014-03-10,-1524.9793814,-876.781,-148.377
2014-03-11,-1568.1567009,-916.789,-153.51500000000001
2014-03-12,-1563.2278349,-918.817,-149.64800000000005
2014-03-13,-1556.7350514,-916.0610000000001,-146.18299999999996
2014-03-14,-1534.0659794,-907.4960000000001,-143.01799999999997
2014-03-15,-1343.5195877,-781.5699999999999,-132.50800000000004
2014-03-16,-1236.4072168,-677.886,-127.47799999999998
2014-03-17,-1544.3731959000002,-856.062,-137.83399999999997
2014-03-18,-1576.2185567,-897.834,-136.18300000000002
2014-03-19,-1571.9195876000003,-894.7980000000001,-135.50699999999998
2014-03-20,-1544.8948453,-893.0799999999999,-137.902
2014-03-21,-1520.1670103000004,-882.264,-132.51200000000003
2014-03-22,-1320.4876289,-772.999,-124.99699999999996
2014-03-23,-1213.2680410000005,-683.441,-121.597
2014-03-24,-1545.5463917999996,-861.735,-137.14699999999996
2014-03-25,-1568.9010311,-904.5260000000001,-135.499
2014-03-26,-1569.6721649,-912.351,-139.47400000000002
2014-03-27,-1557.6319588000001,-913.7750000000002,-132.60499999999996
2014-03-28,-1516.2989689999997,-900.3850000000002,-129.188
2014-03-29,-1281.8319585,-760.151,-121.99399999999996
2014-03-30,-1159.8814432,-662.3399999999999,-116.98499999999999
2014-03-31,-1490.8391754000004,-827.367,-129.51999999999998
2014-04-01,-1523.8948455,-859.5579999999998,-130.147
2014-04-02,-1516.6659792000005,-885.225,-130.57899999999998
2014-04-03,-1516.0288658000002,-892.6310000000001,-129.76699999999997
2014-04-04,-1506.8773196000002,-898.7529999999999,-130.06499999999997
2014-04-05,-1276.1329895,-764.1819999999998,-116.043
2014-04-06,-1166.5494846,-667.875,-110.22099999999998
2014-04-07,-1493.4680414000002,-841.782,-127.663
2014-04-08,-1542.8773194999999,-883.8469999999999,-131.66099999999997
2014-04-09,-1543.7865979,-889.602,-127.081
2014-04-10,-1531.0773196999999,-881.8290000000001,-123.13999999999999
2014-04-11,-1499.7649484,-885.6040000000002,-119.25399999999999
2014-04-12,-1265.1505156,-754.374,-106.87699999999998
2014-04-13,-1164.0350516,-656.662,-100.809
2014-04-14,-1524.1515464000001,-838.513,-118.80599999999998
2014-04-15,-1551.0381442999999,-877.999,-123.13999999999996
2014-04-16,-1532.557732,-893.8970000000002,-123.23699999999995
2014-04-17,-1496.9113402,-891.37,-118.87199999999997
2014-04-18,-1185.612371,-856.5279999999998,-105.47200000000001
2014-04-19,-1181.5618556,-711.6229999999999,-110.84999999999998
2014-04-20,-1054.1628867,-581.4989999999999,-104.883
2014-04-21,-1091.8505157,-588.829,-108.843
2014-04-22,-1456.0402061000002,-803.5680000000001,-122.641
2014-04-23,-1492.5010307999999,-842.9340000000002,-120.98999999999995
2014-04-24,-1495.7597938999997,-829.7600000000001,-118.282
2014-04-25,-1470.5484535000003,-643.0609999999999,-119.79399999999998
2014-04-26,-1255.5525773,-673.1480000000003,-104.88899999999997
2014-04-27,-1165.9721651000004,-632.4730000000002,-104.23800000000001
2014-04-28,-1496.6639175999999,-819.0059999999997,-126.71
2014-04-29,-1513.5494844999996,-847.541,-124.52499999999999
2014-04-30,-1476.3505152,-847.1589999999999,-125.18899999999995
2014-05-01,-1133.9010312000005,-610.0039999999999,-119.532
2014-05-02,-1348.640206,-739.948,-118.25399999999998
2014-05-03,-1233.0876291,-704.3890000000001,-105.741
2014-05-04,-1146.0958763,-631.0409999999999,-97.11099999999996
2014-05-05,-1467.7340206000001,-822.0210000000002,-116.59499999999998
2014-05-06,-1496.1999998,-862.7940000000001,-117.97399999999998
2014-05-07,-1509.7134022000005,-880.7550000000001,-121.64399999999995
2014-05-08,-1517.1474226,-872.5030000000002,-118.47799999999995
2014-05-09,-1495.2360823,-872.4389999999997,-120.55399999999996
2014-05-10,-1259.1639174000004,-746.2729999999999,-105.54499999999992
2014-05-11,-1157.0340205999998,-655.3940000000001,-105.50799999999995
2014-05-12,-1494.8175259999998,-821.269,-116.33499999999995
2014-05-13,-1517.0474226000003,-868.1039999999999,-117.54599999999995
2014-05-14,-1519.4845363000002,-877.7960000000002,-118.14299999999996
2014-05-15,-1513.6536082999999,-871.2710000000002,-118.32299999999995
2014-05-16,-1475.1216495000006,-868.2419999999998,-117.88199999999995
2014-05-17,-1243.813402,-739.996,-103.43299999999995
2014-05-18,-1141.6835052,-649.865,-98.05399999999996
2014-05-19,-1465.5319588000004,-831.3689999999999,-113.357
2014-05-20,-1493.8907217000003,-876.3169999999999,-113.88399999999994
2014-05-21,-1502.3329898000002,-889.3380000000002,-114.80699999999997
2014-05-22,-1504.3649481999998,-883.8929999999999,-121.68699999999998
2014-05-23,-1474.053608,-879.556,-111.49100000000001
2014-05-24,-1236.3484537000004,-749.943,-96.177
2014-05-25,-1122.9340207000002,-658.6859999999999,-95.336
2014-05-26,-1474.0319587000001,-830.835,-113.14399999999998
2014-05-27,-1509.2979381999999,-874.5629999999999,-119.17099999999998
2014-05-28,-1486.2082476,-875.685,-111.26799999999994
2014-05-29,-1163.0422683000002,-873.034,-91.512
2014-05-30,-1300.2144329,-867.989,-102.22999999999998
2014-05-31,-1182.9278350000004,-736.746,-101.02899999999997
2014-06-01,-1102.0432989,-636.508,-97.19899999999998
2014-06-02,-1446.4773194,-628.1049999999999,-109.28399999999998
2014-06-03,-1477.8443298,-839.7539999999999,-114.37299999999996
2014-06-04,-1488.7051548,-885.472,-118.30699999999999
2014-06-05,-1481.0257732000005,-889.5849999999999,-118.09400000000004
2014-06-06,-1446.8721648,-900.4949999999998,-114.62599999999996
2014-06-07,-1213.2969072,-784.3729999999999,-97.63899999999997
2014-06-08,-1061.4814434000004,-700.578,-96.75899999999996
2014-06-09,-1108.6525774000002,-912.3570000000001,-104.25099999999996
2014-06-10,-1469.1690721000002,-983.5029999999999,-121.945
2014-06-11,-1497.1979379000002,-1003.527,-119.22099999999996
2014-06-12,-1478.2948452,-1020.759,-121.24799999999998
2014-06-13,-1453.3680413000002,-1005.1339999999998,-120.551
2014-06-14,-1209.4402060999996,-842.3960000000001,-104.16799999999995
2014-06-15,-1092.8000001000005,-703.239,-99.844
2014-06-16,-1415.3752576000002,-880.4870000000001,-113.61199999999998
2014-06-17,-1448.0505154999998,-923.2900000000001,-116.23000000000002
2014-06-18,-1438.5092783999999,-933.9040000000001,-117.47699999999995
2014-06-19,-1245.6546390999997,-933.8340000000001,-114.42599999999992
2014-06-20,-1350.8845360000003,-925.0520000000001,-116.37599999999996
2014-06-21,-1191.7134019000005,-801.2090000000001,-106.70099999999998
2014-06-22,-1099.9175258,-709.136,-103.28099999999995
2014-06-23,-1446.9855671999999,-911.385,-119.64499999999998
2014-06-24,-1478.9092784000004,-951.77,-118.63699999999999
2014-06-25,-1478.7731959,-956.0149999999999,-116.35000000000002
2014-06-26,-1456.7639176000002,-937.698,-115.37400000000002
2014-06-27,-1443.4690720000003,-935.5829999999995,-113.99999999999997
2014-06-28,-1229.1536083000003,-809.8599999999999,-102.02599999999995
2014-06-29,-1128.8298968,-705.905,-103.33000000000001
2014-06-30,-1441.3381444000001,-889.123,-115.95499999999997
2014-07-01,-1450.7567011000003,-943.564,-113.824
2014-07-02,-1462.8206186,-962.9860000000001,-117.14399999999998
2014-07-03,-1468.6865978,-970.979,-115.38600000000001
2014-07-04,-1444.5288658000002,-962.0269999999999,-114.6639999999999
2014-07-05,-1229.6298969,-800.2370000000001,-97.759
2014-07-06,-1130.431959,-708.59,-95.39999999999999
2014-07-07,-1459.1371133999999,-965.5699999999999,-113.31300000000002
2014-07-08,-1500.7742266999999,-976.1189999999999,-115.95200000000001
2014-07-09,-1491.5185566000002,-963.3890000000005,-110.88299999999998
2014-07-10,-1475.0092783999999,-938.855,-110.61799999999995
2014-07-11,-1446.5041237,-932.8490000000002,-106.198
2014-07-12,-1212.9917524,-781.181,-89.14099999999999
2014-07-13,-1111.3989692,-678.759,-87.76100000000001
2014-07-14,-1429.6515463000003,-899.0630000000001,-104.46300000000002
2014-07-15,-1468.1793816000004,-958.392,-101.395
2014-07-16,-1480.8639177000002,-997.425,-100.91599999999998
2014-07-17,-1484.298969,-1021.9810000000001,-102.074
2014-07-18,-1463.2845358000004,-1028.3799999999999,-100.62899999999999
2014-07-19,-1244.9350514,-869.7480000000003,-93.994
2014-07-20,-1148.2927833999997,-747.4910000000001,-95.37400000000001
2014-07-21,-1473.5567007,-964.226,-105.246
2014-07-22,-1485.4412372000002,-976.6669999999999,-107.499
2014-07-23,-1473.0896908000002,-1003.969,-100.173
2014-07-24,-1469.6000000000001,-991.1160000000001,-100.54199999999997
2014-07-25,-1440.1051548000003,-990.258,-93.61299999999999
2014-07-26,-1221.4886598,-815.6810000000002,-82.087
2014-07-27,-1124.6237113,-707.6749999999998,-83.37
2014-07-28,-1443.1041236000003,-938.5519999999999,-92.50099999999996
2014-07-29,-1471.2082475,-943.2449999999999,-99.27399999999996
2014-07-30,-1465.4896909,-918.6450000000001,-98.18099999999997
2014-07-31,-1434.9051550000004,-917.384,-93.45899999999996
2014-08-01,-1393.5701033,-916.424,-81.76700000000001
2014-08-02,-1188.5927834000001,-776.9759999999999,-89.257
2014-08-03,-1084.6494844000001,-675.0510000000002,-87.18500000000002
2014-08-04,-1373.7422683000004,-851.961,-94.60899999999997
2014-08-05,-1390.275258,-868.3350000000003,-96.47999999999996
2014-08-06,-1384.7783505,-863.265,-96.782
2014-08-07,-1394.7639176000005,-851.4449999999998,-98.99
2014-08-08,-1377.9092785,-815.635,-98.476
2014-08-09,-1183.8649484000005,-716.119,-99.75399999999998
2014-08-10,-1086.1556699999999,-651.86,-96.751
2014-08-11,-1370.4948453,-754.9760000000001,-108.718
2014-08-12,-1388.2649486,-769.5470000000003,-107.21699999999998
2014-08-13,-1383.0175259000005,-774.8690000000001,-107.528
2014-08-14,-1379.5360822999999,-714.701,-101.172
2014-08-15,-1327.8278351000001,-592.0310000000002,-94.86499999999998
2014-08-16,-1160.4030927999997,-616.551,-90.092
2014-08-17,-1083.0072163,-591.598,-88.624
2014-08-18,-1389.5175258999998,-705.6610000000001,-107.38299999999998
2014-08-19,-1408.2144331000002,-722.172,-111.28900000000002
2014-08-20,-1407.7268042,-735.309,-109.69800000000001
2014-08-21,-1398.1680413,-754.6519999999998,-104.91099999999997
2014-08-22,-1386.3701030999998,-770.6030000000001,-108.452
2014-08-23,-1181.0041237000003,-704.6679999999999,-99.15999999999998
2014-08-24,-1093.0298968000002,-638.873,-98.39299999999996
2014-08-25,-1409.4010308999998,-815.8530000000001,-116.87499999999996
2014-08-26,-1453.1628865000002,-866.627,-121.23599999999996
2014-08-27,-1442.6680413,-890.9270000000001,-115.61999999999999
2014-08-28,-1450.1948454000005,-901.4000000000004,-114.79999999999997
2014-08-29,-1431.5443299,-897.8270000000002,-116.52499999999996
2014-08-30,-1205.8845360999999,-772.6800000000001,-101.64700000000002
2014-08-31,-1113.187629,-684.0710000000001,-99.00499999999998
2014-09-01,-1430.1639177000002,-886.112,-115.3639999999999
2014-09-02,-1459.1360826,-918.221,-111.90199999999999
2014-09-03,-1462.4072165999999,-928.6970000000002,-115.35899999999997
2014-09-04,-1463.4123711999998,-942.199,-117.31699999999996
2014-09-05,-1439.1938143999998,-951.534,-117.412
2014-09-06,-1208.3670106,-783.181,-100.19999999999992
2014-09-07,-1111.5917523000003,-689.1210000000001,-98.76399999999992
2014-09-08,-1441.1443296999998,-907.757,-118.97799999999997
2014-09-09,-1467.7814434,-963.33,-120.855
2014-09-10,-1469.3278350000003,-955.9440000000001,-119.17799999999998
2014-09-11,-1467.0608246000002,-942.1279999999999,-120.67199999999998
2014-09-12,-1467.0721651,-938.684,-120.41499999999996
2014-09-13,-1225.6381442,-771.96,-102.91299999999994
2014-09-14,-1120.2164949000003,-680.664,-102.07900000000001
2014-09-15,-1457.2659795000002,-887.4310000000002,-120.16199999999999
2014-09-16,-1476.9773195,-927.5519999999998,-123.239
2014-09-17,-1484.1969073,-928.6599999999999,-125.67399999999995
2014-09-18,-1483.8989691000004,-932.2640000000004,-126.64999999999995
2014-09-19,-1456.7865978,-939.6580000000002,-124.95700000000001
2014-09-20,-1227.5371134,-796.2889999999999,-103.74599999999991
2014-09-21,-1143.1773196,-690.489,-103.43399999999998
2014-09-22,-1474.8319588000004,-906.1489999999999,-119.082
2014-09-23,-1470.7195876000003,-923.128,-121.291
2014-09-24,-1485.872165,-922.3960000000002,-124.73700000000001
2014-09-25,-1497.0298969000003,-921.9179999999998,-127.64200000000001
2014-09-26,-1473.4432989,-914.7640000000001,-125.29299999999996
2014-09-27,-1228.1195878,-768.476,-107.32
2014-09-28,-1128.3979382,-665.801,-104.15299999999996
2014-09-29,-1462.5412368999998,-872.7640000000001,-123.24600000000001
2014-09-30,-1496.3525774,-913.908,-127.23599999999999
2014-10-01,-1492.1072165,-923.7290000000002,-125.43999999999996
2014-10-02,-1459.55567,-924.422,-124.919
2014-10-03,-1144.6474225,-920.8340000000003,-126.837
2014-10-04,-1175.2835053000001,-770.7819999999999,-111.832
2014-10-05,-1135.9237114,-676.918,-103.154
2014-10-06,-1478.1226805000006,-878.708,-124.20899999999999
2014-10-07,-1525.6123712,-919.1850000000001,-130.73600000000002
2014-10-08,-1524.3731959000002,-932.1070000000001,-130.13999999999996
2014-10-09,-1523.7329895000003,-918.111,-129.192
2014-10-10,-1482.4814433000001,-907.188,-127.82500000000002
2014-10-11,-1247.5350515000002,-762.72,-111.89599999999996
2014-10-12,-1147.0010306000001,-660.0849999999999,-105.28499999999997
2014-10-13,-1490.8061857000002,-888.123,-129.85599999999994
2014-10-14,-1507.3123712,-912.3519999999999,-122.96699999999998
2014-10-15,-1508.9422681,-896.9210000000004,-123.83399999999997
2014-10-16,-1526.0515466,-900.159,-125.98599999999998
2014-10-17,-1501.4742265,-906.321,-123.18499999999997
2014-10-18,-1251.5134016999998,-757.904,-107.85599999999995
2014-10-19,-1139.1175259000001,-653.7249999999999,-100.997
2014-10-20,-1497.1298967999999,-879.6149999999998,-127.702
2014-10-21,-1541.0371132000002,-920.547,-128.352
2014-10-22,-1571.4927839,-909.7219999999999,-130.286
2014-10-23,-1551.7030927,-888.3829999999998,-126.32300000000001
2014-10-24,-1515.1494844000003,-874.032,-126.82499999999996
2014-10-25,-1288.7092781000003,-706.3259999999999,-107.25799999999997
2014-10-26,-1181.9572162999998,-627.818,-97.9645
2014-10-27,-1508.0113402,-851.994,-126.243
2014-10-28,-1553.4938147000003,-892.9839999999997,-127.904
2014-10-29,-1556.9845357999998,-900.4830000000001,-126.124
2014-10-30,-1544.4835052,-901.1129999999998,-127.904
2014-10-31,-1459.9340204,-878.2070000000001,-129.239
2014-11-01,-1215.7288657999995,-672.387,-115.95500000000001
2014-11-02,-1167.3628863,-630.1830000000001,-109.56899999999999
2014-11-03,-1519.6948453999998,-842.7889999999998,-131.91099999999997
2014-11-04,-1557.6628864999998,-901.0540000000002,-132.13100000000003
2014-11-05,-1577.413402,-902.561,-136.67099999999996
2014-11-06,-1561.3350515000004,-908.6150000000001,-136.89
2014-11-07,-1546.7886599,-895.5880000000001,-137.08999999999997
2014-11-08,-1300.0247421,-727.493,-117.05799999999995
2014-11-09,-1205.1154639999997,-641.8599999999999,-110.29999999999995
2014-11-10,-1547.798969,-872.9679999999998,-137.12399999999997
2014-11-11,-1583.1670104000004,-912.2669999999999,-138.181
2014-11-12,-1590.8690723,-925.928,-136.475
2014-11-13,-1587.8360825,-909.7130000000002,-130.49699999999999
2014-11-14,-1557.3618556,-874.9210000000002,-134.91699999999994
2014-11-15,-1333.1257731000005,-738.489,-119.922
2014-11-16,-1226.8515465000003,-661.0239999999999,-110.17999999999996
2014-11-17,-1549.4422680999999,-885.999,-136.004
2014-11-18,-1600.3453608000004,-921.4819999999997,-136.09099999999998
2014-11-19,-1583.1463917000003,-925.2940000000001,-134.979
2014-11-20,-1594.9618558999998,-932.7199999999999,-139.85500000000002
2014-11-21,-1575.0886599,-926.3789999999998,-138.295
2014-11-22,-1346.6381443999999,-764.6410000000001,-125.12300000000005
2014-11-23,-1229.0298965,-662.4209999999999,-122.22
2014-11-24,-1565.8195876,-889.4060000000002,-139.17699999999996
2014-11-25,-1608.1412373000003,-933.3820000000005,-142.42999999999998
2014-11-26,-1628.9030928999998,-966.1350000000001,-141.18000000000004
2014-11-27,-1626.9690721,-964.8600000000001,-142.835
2014-11-28,-1616.7886596999995,-942.6539999999999,-144.63299999999998
2014-11-29,-1400.2804125,-775.015,-133.97600000000006
2014-11-30,-1301.2567009,-662.449,-128.832
2014-12-01,-1656.9927835,-894.7130000000002,-153.85
2014-12-02,-1688.7608248,-932.6919999999998,-152.65299999999996
2014-12-03,-1700.8525774000007,-942.4680000000001,-152.194
2014-12-04,-1689.8144328999997,-939.431,-153.01599999999996
2014-12-05,-1653.6175255000003,-938.9459999999999,-154.334
2014-12-06,-1405.3587629999995,-798.0279999999999,-136.92599999999996
2014-12-07,-1311.5721650000005,-695.278,-133.997
2014-12-08,-1633.1762887,-701.808,-152.606
2014-12-09,-1683.0422682,-935.614,-162.79099999999994
2014-12-10,-1699.4711343,-978.575,-165.21200000000005
2014-12-11,-1682.1793811999999,-977.4329999999995,-161.34
2014-12-12,-1627.6226802,-933.855,-159.04199999999994
2014-12-13,-1384.4309277,-795.86,-139.36899999999997
2014-12-14,-1285.4123711000002,-695.5790000000001,-131.39999999999998
2014-12-15,-1599.2752576000005,-925.6640000000001,-152.596
2014-12-16,-1612.0474226000003,-973.5810000000001,-153.82399999999998
2014-12-17,-1613.3113403000002,-962.857,-159.34399999999997
2014-12-18,-1565.9463918000001,-942.0609999999998,-152.328
2014-12-19,-1505.6350516,-915.411,-141.62800000000001
2014-12-20,-1342.4701026999996,-758.5829999999999,-140.074
2014-12-21,-1232.5371135999999,-704.2719999999999,-137.943
2014-12-22,-1405.2989693999996,-855.1850000000002,-150.619
2014-12-23,-1367.5597937999999,-845.6699999999998,-146.506
2014-12-24,-1190.2309278,-713.3050000000001,-145.896
2014-12-25,-1123.1515462000004,-578.366,-135.976
2014-12-26,-1135.7556705,-596.0849999999999,-134.53199999999998
2014-12-27,-1235.9113402,-688.7650000000001,-145.501
2014-12-28,-1204.2051549000003,-663.0060000000001,-142.156
2014-12-29,-1356.7969071,-796.8199999999998,-151.35500000000005
2014-12-30,-1340.5845361000002,-819.891,-151.86299999999997
2014-12-31,-1220.1134021,-746.3100000000002,-150.18899999999996
2015-01-01,-1145.7072162000004,-638.0369999999999,-172.081
2015-01-02,-1341.1175256999998,-756.8290000000001,-174.32299999999998
2015-01-03,-1304.4030924999997,-706.365,-175.84499999999997
2015-01-04,-1235.931959,-647.579,-170.531
2015-01-05,-1494.7020618000001,-751.647,-201.456
2015-01-06,-1497.825773,-679.775,-203.20100000000002
2015-01-07,-1618.4247423,-905.0060000000002,-205.328
2015-01-08,-1636.0556702000003,-933.4970000000002,-201.03699999999995
2015-01-09,-1611.6422679,-928.9179999999998,-196.698
2015-01-10,-1372.6268045,-765.788,-166.44500000000002
2015-01-11,-1301.1969072,-673.7040000000001,-169.44900000000004
2015-01-12,-1630.9958763000002,-908.9570000000002,-201.942
2015-01-13,-1622.9917525,-951.8240000000001,-198.906
2015-01-14,-1642.9711340000001,-958.1400000000002,-200.80100000000002
2015-01-15,-1651.9628867999998,-962.09,-200.523
2015-01-16,-1613.7319587999996,-953.894,-199.381
2015-01-17,-1396.7020616,-780.2629999999999,-184.41000000000003
2015-01-18,-1306.6896904000002,-682.6179999999999,-176.592
2015-01-19,-1644.1948453000002,-912.499,-207.78500000000003
2015-01-20,-1680.1340206999998,-956.0579999999998,-207.98399999999998
2015-01-21,-1682.6247425999995,-969.375,-210.46900000000002
2015-01-22,-1687.6061855999992,-968.5930000000001,-210.45000000000002
2015-01-23,-1666.2515462999997,-954.902,-209.811
2015-01-24,-1446.3000001,-779.55,-186.53800000000004
2015-01-25,-1330.5721649,-685.259,-176.44999999999996
2015-01-26,-1661.7350515000005,-930.621,-212.778
2015-01-27,-1670.6855672000004,-961.758,-209.39899999999997
2015-01-28,-1676.4577320000005,-974.241,-210.44000000000005
2015-01-29,-1670.1443299,-974.4580000000004,-210.642
2015-01-30,-1636.4391753,-957.9059999999998,-211.952
2015-01-31,-1402.6298967999996,-799.857,-185.225
2015-02-01,-1313.2247419,-690.2209999999999,-175.704
2015-02-02,-1658.4329897,-920.5819999999999,-204.01500000000001
2015-02-03,-1689.9587629999999,-968.8619999999999,-206.76299999999995
2015-02-04,-1702.3855671000003,-955.6089999999999,-208.757
2015-02-05,-1698.3061855000003,-983.3480000000002,-212.98499999999999
2015-02-06,-1670.6257736999999,-952.699,-212.35100000000006
2015-02-07,-1452.1164949,-816.224,-189.042
2015-02-08,-1336.9639176,-721.392,-179.379
2015-02-09,-1668.6670103000001,-964.435,-194.65699999999998
2015-02-10,-1677.1793815000003,-989.1679999999999,-205.13400000000001
2015-02-11,-1673.2845358999998,-983.583,-204.061
2015-02-12,-1669.4804125,-972.484,-200.524
2015-02-13,-1632.1371135000004,-965.954,-196.249
2015-02-14,-1401.1701028999998,-808.3090000000001,-178.66099999999994
2015-02-15,-1300.1721651000005,-701.1740000000001,-172.95600000000002
2015-02-16,-1584.3092782999997,-922.6590000000001,-200.41600000000003
2015-02-17,-1649.5041239,-948.2280000000005,-203.178
2015-02-18,-1661.2154637999997,-961.726,-207.81000000000006
2015-02-19,-1657.4649485999998,-968.5390000000002,-200.799
2015-02-20,-1619.6051548,-956.884,-193.773
2015-02-21,-1387.5391752,-806.7379999999998,-178.38800000000003
2015-02-22,-1295.8123713000004,-694.981,-173.077
2015-02-23,-1641.9134019,-923.823,-203.38699999999997
2015-02-24,-1654.6298967999999,-968.7150000000005,-203.38400000000001
2015-02-25,-1634.2773196,-969.505,-198.58599999999998
2015-02-26,-1628.1958763000002,-953.723,-196.623
2015-02-27,-1617.7185566000003,-951.913,-201.812
2015-02-28,-1381.9474226000002,-780.5239999999999,-172.81900000000005
2015-03-01,-1274.0577320000002,-681.1850000000001,-172.882
2015-03-02,-1594.7072164999997,-903.6689999999999,-199.52400000000003
2015-03-03,-1619.2154641000002,-924.8849999999999,-195.428
2015-03-04,-1627.9010307,-942.2819999999999,-199.60100000000006
2015-03-05,-1622.2247424000002,-943.15,-198.26700000000002
2015-03-06,-1595.7010306000004,-937.9630000000001,-195.11499999999998
2015-03-07,-1358.1701032,-770.4039999999998,-174.34400000000002
2015-03-08,-1219.0659795000001,-672.661,-165.85199999999998
2015-03-09,-1542.8154642000002,-889.569,-187.33599999999998
2015-03-10,-1585.2247421000004,-919.6289999999999,-186.691
2015-03-11,-1577.9391753000004,-932.7909999999999,-188.666
2015-03-12,-1583.9628868,-944.567,-188.803
2015-03-13,-1571.6226805000003,-924.159,-187.93
2015-03-14,-1361.0793814,-769.1540000000001,-167.33800000000002
2015-03-15,-1250.4051546,-672.351,-160.70799999999997
2015-03-16,-1554.1432991000001,-907.389,-185.20399999999998
2015-03-17,-1553.0773195000004,-925.982,-183.70200000000003
2015-03-18,-1545.3195876999996,-933.1600000000002,-179.78200000000004
2015-03-19,-1554.6505156000003,-909.7180000000002,-177.41600000000003
2015-03-20,-1536.0907218,-906.413,-178.596
2015-03-21,-1344.8134016,-768.0400000000001,-161.91500000000002
2015-03-22,-1233.0422682,-670.9020000000002,-161.79799999999997
2015-03-23,-1546.6938144,-878.1610000000001,-180.56799999999998
2015-03-24,-1565.1257732,-914.651,-179.75900000000001
2015-03-25,-1554.6680414000004,-938.276,-184.334
2015-03-26,-1568.2896907000004,-927.8879999999999,-188.18500000000006
2015-03-27,-1546.0835052,-894.102,-181.857
2015-03-28,-1313.5422681,-747.7659999999998,-164.66500000000002
2015-03-29,-1224.4051548000002,-638.7390000000001,-159.06699999999998
2015-03-30,-1546.8597939,-866.8450000000001,-183.76600000000002
2015-03-31,-1564.3494843000005,-903.4020000000002,-181.699
2015-04-01,-1579.3237108999997,-909.8000000000001,-187.11900000000003
2015-04-02,-1552.7288659,-901.3199999999997,-182.26200000000009
2015-04-03,-1210.4072165,-860.384,-146.85299999999998
2015-04-04,-1230.1793813000002,-692.7250000000001,-155.433
2015-04-05,-1118.3814434,-578.476,-152.22000000000003
2015-04-06,-1157.4474229,-593.5909999999999,-154.81
2015-04-07,-1509.5731958,-880.7859999999998,-176.19600000000003
2015-04-08,-1521.7216495000002,-917.3130000000002,-174.02599999999998
2015-04-09,-1492.9938143000004,-914.408,-169.85799999999998
2015-04-10,-1464.3680411000003,-885.2420000000002,-165.11400000000006
2015-04-11,-1268.6628865999999,-730.7009999999999,-149.779
2015-04-12,-1157.2731958000002,-633.7269999999999,-139.942
2015-04-13,-1489.3206186,-832.9259999999998,-162.83300000000006
2015-04-14,-1509.2525771,-866.453,-161.74600000000004
2015-04-15,-1500.6865979000002,-863.171,-162.36500000000004
2015-04-16,-1491.9608245000004,-857.6889999999999,-163.751
2015-04-17,-1477.2103095,-861.9190000000001,-168.071
2015-04-18,-1237.0876288,-718.9,-155.33600000000004
2015-04-19,-1136.5391754,-630.354,-143.507
2015-04-20,-1454.1103095,-826.205,-164.06600000000003
2015-04-21,-1476.4938145000003,-849.5110000000001,-163.55200000000002
2015-04-22,-1467.4206189,-862.242,-162.38999999999996
2015-04-23,-1462.1577321,-858.4970000000001,-162.851
2015-04-24,-1441.8969073000005,-844.0700000000002,-159.20700000000002
2015-04-25,-1238.3237112999996,-639.716,-149.74599999999998
2015-04-26,-1138.0639174,-605.8989999999999,-141.67
2015-04-27,-1492.558763,-836.0280000000001,-165.852
2015-04-28,-1512.6979380000002,-860.0559999999999,-172.70899999999997
2015-04-29,-1498.7350516,-863.0870000000002,-168.696
2015-04-30,-1468.3525773000006,-847.4719999999998,-167.687
2015-05-01,-1113.3144330999994,-618.138,-171.5
2015-05-02,-1160.7340205000003,-656.387,-148.95299999999997
2015-05-03,-1135.5113403,-612.369,-150.017
2015-05-04,-1456.9309276000001,-840.4749999999998,-168.176
2015-05-05,-1490.7164947,-884.4310000000002,-171.13099999999997
2015-05-06,-1479.1278348,-890.293,-170.75000000000003
2015-05-07,-1474.3814434000005,-887.087,-166.716
2015-05-08,-1435.4577321000002,-898.5289999999999,-163.346
2015-05-09,-1221.6402059,-742.524,-150.127
2015-05-10,-1122.1010310000001,-643.1,-139.805
2015-05-11,-1450.6206185000003,-842.538,-162.33200000000002
2015-05-12,-1477.3762886000002,-887.911,-164.89900000000003
2015-05-13,-1438.3896906,-902.5330000000002,-159.72099999999995
2015-05-14,-1132.2587629999998,-913.7289999999998,-136.74200000000002
2015-05-15,-1284.010309,-892.1319999999998,-155.32199999999997
2015-05-16,-1186.9257731,-728.095,-141.131
2015-05-17,-1110.2463916000004,-653.3820000000001,-138.83900000000006
2015-05-18,-1439.7123710999995,-860.752,-164.37900000000002
2015-05-19,-1478.4567012,-909.6550000000001,-173.12799999999996
2015-05-20,-1469.2958763000001,-898.793,-174.55700000000002
2015-05-21,-1467.0938144000002,-879.7620000000001,-173.804
2015-05-22,-1436.7525775000004,-857.2389999999998,-166.65099999999995
2015-05-23,-1199.2824743,-721.222,-142.87900000000002
2015-05-24,-1041.2463918,-627.4639999999999,-137.00699999999998
2015-05-25,-1087.3556702,-840.1590000000001,-139.58499999999998
2015-05-26,-1431.6175259000006,-876.3490000000003,-164.57599999999996
2015-05-27,-1464.0247424000002,-872.8540000000003,-163.11999999999998
2015-05-28,-1460.7268043,-865.5330000000001,-159.681
2015-05-29,-1434.3381444000001,-851.0209999999998,-157.08599999999996
2015-05-30,-1219.4515463999999,-704.1179999999999,-142.543
2015-05-31,-1118.1113403,-630.002,-143.98200000000003
2015-06-01,-1437.2628866000005,-712.3590000000002,-163.825
2015-06-02,-1482.2865978,-641.969,-173.096
2015-06-03,-1456.2670106000003,-883.187,-163.55200000000002
2015-06-04,-1242.4515460000005,-940.035,-157.204
2015-06-05,-1361.5175259,-960.6510000000002,-163.686
2015-06-06,-1210.4237111999998,-818.954,-148.066
2015-06-07,-1103.9948454,-722.8230000000002,-137.72999999999996
2015-06-08,-1438.6257732000001,-943.537,-165.44599999999997
2015-06-09,-1462.7020616999998,-956.603,-167.31100000000004
2015-06-10,-1468.7628863,-960.9749999999998,-163.47299999999998
2015-06-11,-1464.7134019,-973.1249999999999,-161.62599999999998
2015-06-12,-1455.0484537,-970.632,-162.011
2015-06-13,-1229.1958763000002,-809.4499999999998,-146.71799999999996
2015-06-14,-1107.1175258,-704.502,-143.22
2015-06-15,-1436.6536083,-935.3040000000003,-165.604
2015-06-16,-1444.7618556000002,-980.1890000000001,-166.12100000000004
2015-06-17,-1445.5659793,-983.278,-162.18200000000004
2015-06-18,-1463.5690721000003,-979.136,-163.951
2015-06-19,-1439.1041238,-970.47,-161.25199999999995
2015-06-20,-1217.0463917,-776.9099999999999,-143.97899999999996
2015-06-21,-1118.6876287000002,-667.149,-137.194
2015-06-22,-1453.5824742999998,-892.3210000000001,-158.474
2015-06-23,-1475.7979381,-949.389,-163.04399999999995
2015-06-24,-1475.3577321000002,-938.332,-160.316
2015-06-25,-1461.7164948999998,-943.409,-157.817
2015-06-26,-1437.2670103,-941.352,-157.458
2015-06-27,-1212.2804124000002,-783.7209999999998,-144.45099999999996
2015-06-28,-1097.569072,-689.679,-137.548
2015-06-29,-1441.5288660999997,-916.4580000000001,-160.393
2015-06-30,-1467.8443299,-974.0500000000001,-160.93499999999997
2015-07-01,-1489.6463921000009,-1001.215,-169.37499999999997
2015-07-02,-1515.6701029,-1026.245,-172.815
2015-07-03,-1483.8824742000002,-1039.1470000000002,-168.25
2015-07-04,-1252.8113402000004,-871.1900000000002,-144.531
2015-07-05,-1155.8505153,-785.387,-137.83899999999997
2015-07-06,-1466.0463919,-1070.455,-169.569
2015-07-07,-1499.9917524,-1141.071,-170.531
2015-07-08,-1478.8257733000003,-1140.257,-170.71900000000002
2015-07-09,-1459.4948456999998,-1081.1430000000003,-163.97299999999998
2015-07-10,-1422.9958765,-1046.8990000000001,-159.42100000000005
2015-07-11,-1202.0597940000002,-872.1049999999997,-140.01999999999998
2015-07-12,-1118.3731957,-775.378,-134.97999999999996
2015-07-13,-1445.2010310000003,-1043.181,-161.88699999999997
2015-07-14,-1473.7515462,-1100.588,-161.50600000000003
2015-07-15,-1474.7030928,-1140.3330000000003,-163.50199999999998
2015-07-16,-1484.7226805,-1156.189,-164.136
2015-07-17,-1470.0051548000006,-1148.791,-162.18400000000003
2015-07-18,-1223.5804122999998,-959.117,-140.009
2015-07-19,-1127.6381442,-855.3830000000002,-136.05100000000002
2015-07-20,-1442.5649485,-1130.3230000000005,-158.79600000000005
2015-07-21,-1494.4123711,-1189.406,-161.68800000000002
2015-07-22,-1487.5948452999999,-1187.236,-161.091
2015-07-23,-1460.9546389999996,-1180.1180000000002,-158.9159999999999
2015-07-24,-1431.6608247,-1133.0520000000004,-156.118
2015-07-25,-1212.7113401000004,-920.914,-147.85600000000002
2015-07-26,-1084.398969,-786.7509999999997,-132.19000000000003
2015-07-27,-1396.2969071000002,-1039.585,-153.569
2015-07-28,-1421.8628864,-1062.789,-153.69000000000003
2015-07-29,-1417.4154638,-1056.556,-153.77900000000002
2015-07-30,-1412.7319588000003,-1038.2479999999998,-153.74699999999999
2015-07-31,-1367.9876286000003,-1005.114,-146.748
2015-08-01,-1158.5659795000004,-824.2889999999999,-132.97
2015-08-02,-1070.1505152999998,-731.0,-130.75099999999995
2015-08-03,-1395.7855669000003,-934.0159999999995,-153.05499999999995
2015-08-04,-1428.2886597,-972.7200000000004,-154.759
2015-08-05,-1410.8020620999996,-983.2720000000002,-153.24
2015-08-06,-1432.7247424,-982.4599999999998,-157.07699999999997
2015-08-07,-1405.1948453,-966.1519999999998,-156.604
2015-08-08,-1198.8319589,-841.047,-140.57500000000005
2015-08-09,-1104.4422682,-751.9369999999999,-138.095
2015-08-10,-1406.5608248,-787.817,-159.48
2015-08-11,-1426.8762887000005,-785.8820000000002,-160.25799999999998
2015-08-12,-1437.1999998,-794.275,-163.149
2015-08-13,-1437.7041238000002,-801.1179999999999,-165.714
2015-08-14,-1407.8742268000005,-773.0930000000001,-164.10899999999995
2015-08-15,-1178.6649484000002,-626.928,-142.746
2015-08-16,-1101.3123711000003,-588.1459999999998,-135.626
2015-08-17,-1406.8670101,-684.927,-160.01200000000006
2015-08-18,-1417.2092783000003,-716.244,-160.03600000000003
2015-08-19,-1406.0113404000003,-722.042,-165.612
2015-08-20,-1409.9999999,-723.799,-162.61299999999997
2015-08-21,-1385.3103091000005,-725.804,-160.27100000000004
2015-08-22,-1179.7391752000005,-683.819,-140.20100000000005
2015-08-23,-1096.2505156000002,-646.3930000000001,-138.54599999999996
2015-08-24,-1429.7927832999997,-836.171,-169.142
2015-08-25,-1443.7979383000002,-893.1990000000001,-165.442
2015-08-26,-1454.7618557,-907.7559999999999,-163.956
2015-08-27,-1467.3577321000002,-940.1790000000002,-165.75
2015-08-28,-1425.8030929000001,-951.167,-164.39500000000004
2015-08-29,-1200.6556701,-828.9050000000001,-143.53000000000003
2015-08-30,-1119.1422682,-753.8870000000001,-136.004
2015-08-31,-1461.9226802,-970.732,-166.08299999999997
2015-09-01,-1499.1680413,-995.141,-169.70199999999997
2015-09-02,-1475.4494845999998,-1008.7289999999999,-165.837
2015-09-03,-1468.9824743000001,-998.1820000000001,-166.734
2015-09-04,-1441.3298967999997,-988.7930000000005,-163.035
2015-09-05,-1225.1649487,-799.875,-147.938
2015-09-06,-1142.7474227000005,-681.6469999999999,-140.80700000000002
2015-09-07,-1453.3020620000004,-899.048,-161.88700000000006
2015-09-08,-1478.5402061999998,-935.918,-163.037
2015-09-09,-1471.0618557,-938.1959999999999,-164.20999999999998
2015-09-10,-1470.3072166000002,-931.7239999999998,-164.41300000000004
2015-09-11,-1451.2319588000003,-926.224,-163.21300000000002
2015-09-12,-1238.9288659,-759.3729999999999,-140.92100000000002
2015-09-13,-1147.6000000000001,-661.5039999999999,-140.97299999999998
2015-09-14,-1482.7391752000003,-901.9709999999998,-172.22299999999998
2015-09-15,-1503.3463916000003,-953.127,-170.761
2015-09-16,-1521.1340206000004,-980.9060000000001,-171.87699999999998
2015-09-17,-1523.8278351000001,-993.023,-177.68900000000002
2015-09-18,-1459.5453609000003,-987.7199999999997,-175.553
2015-09-19,-1231.2237112000003,-795.8959999999998,-151.80100000000002
2015-09-20,-1143.957732,-674.598,-141.89200000000002
2015-09-21,-1464.3793814,-889.3919999999999,-162.53
2015-09-22,-1507.2051546999999,-926.721,-169.109
2015-09-23,-1511.5463919,-939.083,-174.84599999999998
2015-09-24,-1501.2474229,-918.033,-170.62
2015-09-25,-1472.0917527000006,-892.3949999999998,-166.261
2015-09-26,-1250.2690722,-741.2079999999997,-142.16799999999998
2015-09-27,-1155.8783503,-651.824,-140.602
2015-09-28,-1476.0092785,-874.653,-167.09700000000004
2015-09-29,-1504.9278350000002,-910.922,-169.817
2015-09-30,-1504.0350514,-913.739,-173.532
2015-10-01,-1469.0783507,-909.3190000000002,-172.23000000000002
2015-10-02,-1434.0721651000001,-905.3409999999998,-171.504
2015-10-03,-1137.2298968999999,-754.4580000000002,-147.027
2015-10-04,-1130.5247423,-647.53,-140.04299999999998
2015-10-05,-1455.1917524000003,-865.3239999999998,-168.47600000000006
2015-10-06,-1518.3907215,-915.7529999999999,-173.925
2015-10-07,-1528.5391752,-912.4190000000001,-172.85299999999998
2015-10-08,-1522.3546392000005,-913.241,-170.153
2015-10-09,-1478.4835050999998,-898.6920000000003,-167.65300000000002
2015-10-10,-1252.5505153,-735.0670000000002,-150.51099999999994
2015-10-11,-1161.48866,-633.261,-145.90499999999994
2015-10-12,-1489.9041237000001,-858.6439999999998,-169.58500000000004
2015-10-13,-1557.9113401,-898.7309999999999,-177.091
2015-10-14,-1589.1927835000004,-904.879,-177.04500000000002
2015-10-15,-1591.4144331000005,-891.2560000000003,-183.558
2015-10-16,-1555.2938144,-878.3009999999999,-180.09799999999998
2015-10-17,-1311.0082474,-730.4000000000001,-156.97
2015-10-18,-1215.5567008,-636.0200000000002,-150.41899999999998
2015-10-19,-1538.4814432,-861.883,-178.79
2015-10-20,-1562.8546390000004,-895.6210000000002,-180.163
2015-10-21,-1557.9711341000004,-883.555,-182.668
2015-10-22,-1561.372165,-891.9230000000002,-180.196
2015-10-23,-1510.2628867,-877.7439999999999,-175.73700000000002
2015-10-24,-1283.9216491999998,-716.5159999999998,-150.476
2015-10-25,-1202.852062,-645.2255000000001,-141.229
2015-10-26,-1505.5309281,-861.384,-173.75599999999997
2015-10-27,-1547.9195874999998,-905.875,-176.82600000000005
2015-10-28,-1560.4525775000002,-921.7660000000001,-176.624
2015-10-29,-1552.3618557,-908.075,-177.89199999999997
2015-10-30,-1528.8546393000001,-870.0320000000002,-175.327
2015-10-31,-1275.9010309,-749.1429999999999,-155.283
2015-11-01,-1199.5742265000003,-642.8749999999999,-147.92600000000002
2015-11-02,-1533.2927834000004,-864.8389999999999,-181.652
2015-11-03,-1571.3309278000002,-910.0880000000002,-184.507
2015-11-04,-1571.0360827,-912.481,-182.529
2015-11-05,-1551.7082476,-914.7300000000005,-179.21199999999996
2015-11-06,-1524.7773196,-894.6250000000001,-175.89600000000002
2015-11-07,-1308.7876288,-730.969,-151.32899999999998
2015-11-08,-1198.2072164999997,-638.8720000000001,-145.958
2015-11-09,-1543.2278353,-871.474,-174.217
2015-11-10,-1580.5061855,-910.8770000000002,-175.725
2015-11-11,-1569.0020618,-910.394,-180.87100000000004
2015-11-12,-1565.5721651000001,-907.439,-182.318
2015-11-13,-1558.8783504000003,-889.8489999999999,-180.8
2015-11-14,-1338.2804122,-735.15,-157.126
2015-11-15,-1240.8835053,-638.412,-147.74099999999999
2015-11-16,-1550.6309279,-883.7019999999999,-180.119
2015-11-17,-1589.9814431,-927.022,-182.81400000000002
2015-11-18,-1580.5412374999999,-929.936,-178.962
2015-11-19,-1598.1391754000003,-937.0520000000001,-180.411
2015-11-20,-1579.2659794,-925.9019999999999,-185.94
2015-11-21,-1353.4618556000003,-765.348,-173.679
2015-11-22,-1280.0917525,-678.014,-169.076
2015-11-23,-1611.7989694000003,-925.7199999999999,-201.17100000000002
2015-11-24,-1666.7731959,-969.596,-204.13000000000002
2015-11-25,-1663.3072166000002,-992.413,-206.07000000000002
2015-11-26,-1645.3762887,-988.3900000000002,-206.121
2015-11-27,-1621.7257731,-968.4330000000004,-205.073
2015-11-28,-1406.2742269,-794.0919999999999,-184.05599999999998
2015-11-29,-1306.2494845999997,-691.5910000000002,-171.303
2015-11-30,-1619.7824743999997,-918.203,-194.584
2015-12-01,-1637.1350513000002,-947.622,-189.16200000000003
2015-12-02,-1634.3381444999998,-961.2310000000001,-190.81
2015-12-03,-1626.2443297,-974.209,-196.766
2015-12-04,-1618.8845359999996,-964.2499999999998,-195.627
2015-12-05,-1378.4484535000001,-783.8339999999998,-170.256
2015-12-06,-1270.1783507000002,-699.368,-160.269
2015-12-07,-1583.7639176,-787.671,-192.613
2015-12-08,-1621.3814430999998,-699.257,-195.181
2015-12-09,-1635.4567010000003,-942.0360000000001,-187.619
2015-12-10,-1645.9721648999998,-983.127,-191.64000000000001
2015-12-11,-1627.0309275000002,-960.4799999999999,-189.53
2015-12-12,-1375.6453608000004,-800.4909999999999,-175.885
2015-12-13,-1280.5164947,-709.147,-168.03099999999995
2015-12-14,-1603.0381442,-949.5010000000001,-190.88
2015-12-15,-1616.3917525,-987.5730000000001,-189.79299999999998
2015-12-16,-1610.7257730999997,-982.9059999999996,-181.361
2015-12-17,-1558.8608250000004,-968.8510000000001,-181.715
2015-12-18,-1507.6731961000003,-956.4030000000005,-176.80100000000004
2015-12-19,-1293.8896907,-792.08,-159.577
2015-12-20,-1201.1948453,-702.4950000000001,-157.431
2015-12-21,-1439.6432989,-907.971,-182.44100000000003
2015-12-22,-1421.6814434000003,-904.843,-180.13
2015-12-23,-1353.5814433000003,-872.2040000000002,-167.77599999999998
2015-12-24,-1156.6432988000004,-706.958,-165.65800000000002
2015-12-25,-1079.6670101000004,-590.679,-146.77100000000002
2015-12-26,-1081.8030929000001,-593.8489999999999,-151.195
2015-12-27,-1101.2515467000003,-634.8530000000001,-158.22499999999994
2015-12-28,-1256.7783505,-773.2539999999998,-172.536
2015-12-29,-1271.8144332000004,-786.3709999999996,-174.455
2015-12-30,-1277.1783505,-776.4589999999998,-175.566
2015-12-31,-1193.4424307,-715.2460000000001,-168.11999999999998
2016-01-01,-1082.0061019999996,-610.454,-161.262
2016-01-02,-1217.0391531000002,-683.814,-166.747
2016-01-03,-1203.3479084,-641.704,-164.88699999999997
2016-01-04,-1486.013194,-800.638,-195.124
2016-01-05,-1537.4872758000001,-825.419,-197.524
2016-01-06,-1484.372796,-692.063,-197.926
2016-01-07,-1571.7381018000005,-887.2959999999999,-203.46
2016-01-08,-1546.7761226000002,-906.944,-200.278
2016-01-09,-1338.7716530000002,-761.539,-180.691
2016-01-10,-1242.8411634,-665.542,-176.874
2016-01-11,-1575.1964286000002,-898.7140000000002,-200.84399999999997
2016-01-12,-1606.1811429,-923.2710000000001,-204.20600000000002
2016-01-13,-1627.7367144999998,-945.4820000000002,-207.29700000000003
2016-01-14,-1627.1424081000002,-981.3530000000001,-212.168
2016-01-15,-1621.8158574000008,-971.9550000000002,-209.193
2016-01-16,-1404.6085101000006,-804.5579999999999,-192.029
2016-01-17,-1314.9971836000004,-711.762,-187.196
2016-01-18,-1663.1736835000006,-981.8599999999997,-217.75000000000003
2016-01-19,-1706.4475510000002,-1031.4470000000001,-217.49999999999997
2016-01-20,-1695.5577141000003,-1033.976,-213.11100000000005
2016-01-21,-1690.8654898000002,-1032.5760000000002,-213.25099999999998
2016-01-22,-1687.379204,-1020.1829999999999,-210.41400000000002
2016-01-23,-1428.8681836,-843.61,-184.87199999999999
2016-01-24,-1300.6388673000004,-725.287,-180.95399999999998
2016-01-25,-1588.5885407,-961.4229999999999,-202.349
2016-01-26,-1602.9454796999999,-992.3489999999999,-199.778
2016-01-27,-1606.5583471000004,-996.252,-199.35
2016-01-28,-1591.7458369,-977.29,-197.245
2016-01-29,-1576.8513776,-966.3140000000001,-194.645
2016-01-30,-1366.6524289,-794.6039999999999,-174.35499999999996
2016-01-31,-1258.8936328000004,-670.6270000000002,-176.09099999999998
2016-02-01,-1565.1589792999998,-929.069,-187.371
2016-02-02,-1597.4448368000005,-981.2239999999999,-188.964
2016-02-03,-1615.3461123,-981.3600000000005,-199.238
2016-02-04,-1621.4076021,-969.3199999999999,-201.553
2016-02-05,-1576.9074488999997,-957.1220000000001,-193.04399999999998
2016-02-06,-1319.9885613,-797.5489999999998,-169.524
2016-02-07,-1234.3021833999999,-699.9710000000002,-164.54500000000002
2016-02-08,-1528.7860715000002,-932.0380000000002,-191.149
2016-02-09,-1581.9876325,-956.6400000000001,-195.859
2016-02-10,-1610.7411224,-952.962,-203.27
2016-02-11,-1594.0957141,-964.9100000000001,-199.4849999999999
2016-02-12,-1573.4143265000002,-967.9950000000001,-199.915
2016-02-13,-1358.9353061000002,-774.3019999999999,-176.40200000000004
2016-02-14,-1253.4735816,-682.198,-169.905
2016-02-15,-1597.8573163,-910.688,-198.336
2016-02-16,-1628.8336940000002,-968.9090000000003,-203.29700000000003
2016-02-17,-1644.6184285000002,-986.6840000000002,-201.137
2016-02-18,-1616.507847,-973.809,-196.23999999999998
2016-02-19,-1607.8380306,-941.267,-201.97799999999998
2016-02-20,-1394.8273979,-774.528,-183.185
2016-02-21,-1254.9084695,-653.8129999999998,-165.36200000000002
2016-02-22,-1565.9557754,-916.619,-188.47700000000006
2016-02-23,-1607.9571733000002,-934.2620000000001,-194.255
2016-02-24,-1610.7861121000003,-932.3460000000005,-197.52099999999996
2016-02-25,-1613.4889284999997,-934.6119999999995,-199.547
2016-02-26,-1575.0560407000003,-940.2310000000002,-195.958
2016-02-27,-1341.360245,-775.595,-173.867
2016-02-28,-1246.8251530000002,-678.385,-174.12800000000004
2016-02-29,-1575.6251224,-908.59,-201.57600000000002
2016-03-01,-1614.1028572999999,-948.591,-199.496
2016-03-02,-1605.3151223,-943.009,-202.484
2016-03-03,-1594.2580613,-956.7199999999998,-207.664
2016-03-04,-1580.4747756999998,-948.5799999999999,-203.02900000000002
2016-03-05,-1344.5555307,-800.657,-185.928
2016-03-06,-1248.32701,-680.871,-175.74099999999999
2016-03-07,-1562.6828164000005,-922.6590000000001,-199.875
2016-03-08,-1606.9769693,-984.895,-205.65699999999998
2016-03-09,-1595.7543062,-988.597,-201.066
2016-03-10,-1578.3836633,-952.5949999999998,-196.21599999999998
2016-03-11,-1562.8763978000002,-950.2160000000001,-193.52900000000005
2016-03-12,-1347.8553774,-769.31,-176.30499999999998
2016-03-13,-1242.0251940000003,-677.8290000000001,-171.06799999999998
2016-03-14,-1542.4606834999995,-899.5459999999998,-197.27200000000005
2016-03-15,-1600.0525407999999,-954.245,-197.702
2016-03-16,-1592.4731428,-979.3639999999998,-200.55700000000002
2016-03-17,-1561.7068163000001,-944.8449999999999,-192.20999999999998
2016-03-18,-1549.4679797,-922.8,-187.244
2016-03-19,-1340.4578775999998,-747.037,-166.86800000000002
2016-03-20,-1235.1527348,-648.923,-161.26100000000002
2016-03-21,-1549.7197244000001,-870.3250000000003,-189.74699999999999
2016-03-22,-1566.0830101,-913.8120000000001,-186.30599999999998
2016-03-23,-1558.6714487,-921.48,-193.29899999999995
2016-03-24,-1521.7509388999997,-896.848,-183.549
2016-03-25,-1225.2155306999996,-844.2300000000002,-160.02899999999997
2016-03-26,-1199.7850609000002,-707.379,-164.165
2016-03-27,-1100.0902754,-576.694,-159.426
2016-03-28,-1137.3412144,-598.1820000000001,-159.201
2016-03-29,-1471.7921632,-828.7710000000002,-178.003
2016-03-30,-1521.9356837,-886.3090000000002,-177.379
2016-03-31,-1512.4531428999996,-881.813,-175.06699999999995
2016-04-01,-1481.4903060000001,-910.9289999999997,-176.61899999999997
2016-04-02,-1243.3119081,-757.703,-152.806
2016-04-03,-1130.2174184,-659.597,-148.95900000000003
2016-04-04,-1447.1914184,-869.5780000000001,-170.55100000000004
2016-04-05,-1483.5404591,-887.2319999999999,-174.969
2016-04-06,-1496.6603265000003,-891.7210000000002,-178.71300000000002
2016-04-07,-1502.8448776000005,-891.6569999999998,-179.92899999999997
2016-04-08,-1469.4309998000003,-899.0470000000003,-181.57399999999998
2016-04-09,-1231.2595205000005,-736.4009999999998,-157.718
2016-04-10,-1129.0356528,-636.155,-146.645
2016-04-11,-1440.9703778000005,-833.8380000000001,-168.94299999999998
2016-04-12,-1476.4558165000003,-878.8959999999997,-168.03900000000002
2016-04-13,-1488.4604083,-882.0979999999998,-175.40699999999998
2016-04-14,-1476.8923572,-869.4889999999999,-174.20799999999997
2016-04-15,-1458.4923979999999,-868.17,-175.037
2016-04-16,-1224.61651,-729.1139999999998,-158.53500000000005
2016-04-17,-1136.2460103000003,-649.571,-154.20499999999998
2016-04-18,-1457.9402755,-849.8140000000001,-181.74099999999999
2016-04-19,-1482.6284796999998,-865.3350000000002,-173.98400000000004
2016-04-20,-1467.4072550000003,-828.8130000000001,-172.48500000000004
2016-04-21,-1462.3907857000004,-869.722,-167.24199999999996
2016-04-22,-1438.8596324000002,-864.9780000000002,-164.349
2016-04-23,-1232.8400714000004,-724.9719999999999,-156.74399999999994
2016-04-24,-1149.0036021,-615.2460000000001,-157.13900000000004
2016-04-25,-1486.1648878,-609.409,-177.49099999999999
2016-04-26,-1524.0649899,-860.1049999999999,-181.955
2016-04-27,-1537.9208675000004,-899.0549999999998,-181.37300000000002
2016-04-28,-1513.4452041000004,-930.7439999999999,-175.55499999999995
2016-04-29,-1480.6705614,-900.1559999999997,-170.718
2016-04-30,-1230.4779795000002,-749.2339999999998,-157.325
2016-05-01,-1100.6152958000005,-606.7729999999999,-163.324
2016-05-02,-1433.8638162000002,-879.33,-174.21599999999998
2016-05-03,-1492.7908876,-891.6910000000001,-173.03600000000003
2016-05-04,-1459.3204693,-899.4650000000001,-165.381
2016-05-05,-1134.0591733,-910.005,-144.74999999999997
2016-05-06,-1279.6434083,-892.267,-151.153
2016-05-07,-1173.4048062000004,-735.3389999999999,-146.914
2016-05-08,-1094.5464490000002,-633.7339999999999,-141.08300000000006
2016-05-09,-1432.4928163999998,-867.2630000000001,-162.18400000000003
2016-05-10,-1461.0315611000005,-905.4339999999999,-163.60600000000002
2016-05-11,-1471.1398570000001,-946.4909999999998,-166.239
2016-05-12,-1473.7977144000001,-907.2360000000001,-174.65099999999998
2016-05-13,-1434.0101837,-871.905,-173.28199999999998
2016-05-14,-1192.4686427,-710.697,-155.36100000000002
2016-05-15,-1069.6054694000004,-619.056,-146.366
2016-05-16,-1102.3737548,-836.4619999999999,-141.98499999999999
2016-05-17,-1435.262949,-880.5549999999998,-165.01199999999997
2016-05-18,-1462.011061,-888.7040000000001,-162.764
2016-05-19,-1466.23298,-907.1599999999999,-170.90700000000004
2016-05-20,-1444.511337,-875.4390000000001,-161.458
2016-05-21,-1199.5596429,-696.1240000000001,-144.64799999999997
2016-05-22,-1121.5860407999999,-614.5019999999998,-143.61499999999998
2016-05-23,-1459.8322652000006,-831.9729999999998,-173.91300000000004
2016-05-24,-1483.6817345,-865.024,-169.675
2016-05-25,-1455.7931428,-868.2979999999997,-165.14000000000001
2016-05-26,-1246.0157039,-886.402,-155.38299999999998
2016-05-27,-1340.5189897000002,-897.065,-159.52100000000002
2016-05-28,-1193.3997551999996,-738.849,-155.41500000000005
2016-05-29,-1119.2894795000004,-654.657,-155.216
2016-05-30,-1452.6263775000002,-851.7150000000003,-170.112
2016-05-31,-1464.3738878000001,-880.1719999999999,-167.72
2016-06-01,-1460.6540818000005,-889.406,-166.06300000000005
2016-06-02,-1450.8561223000004,-657.9190000000001,-169.023
2016-06-03,-1422.7275509,-751.473,-166.16199999999998
2016-06-04,-1193.9295917000004,-691.0450000000001,-147.571
2016-06-05,-1098.4081634000001,-627.416,-142.704
2016-06-06,-1422.1765304000003,-849.029,-160.953
2016-06-07,-1448.1959184999998,-904.7790000000005,-162.89
2016-06-08,-1449.1816326,-921.519,-166.803
2016-06-09,-1434.6673468000001,-883.144,-164.681
2016-06-10,-1399.4653062999998,-882.782,-158.583
2016-06-11,-1180.0520406000003,-746.574,-141.325
2016-06-12,-1102.8622450000005,-649.9379999999999,-142.37800000000001
2016-06-13,-1419.3224490000002,-876.3169999999999,-164.548
2016-06-14,-1442.0377550000005,-920.87,-165.20100000000002
2016-06-15,-1437.0530612,-911.8629999999998,-162.454
2016-06-16,-1434.6000001,-934.4590000000001,-168.73200000000003
2016-06-17,-1410.7928568999996,-900.0790000000001,-164.66000000000005
2016-06-18,-1185.8336735000003,-739.8589999999999,-152.25199999999995
2016-06-19,-1088.7653059,-651.9309999999999,-149.15500000000003
2016-06-20,-1405.9132652000003,-870.887,-160.948
2016-06-21,-1437.6520407000007,-926.977,-163.72600000000003
2016-06-22,-1455.3010204,-963.643,-164.758
2016-06-23,-1475.9244898000002,-1002.8209999999999,-167.45800000000003
2016-06-24,-1457.0295918000004,-1034.102,-166.74800000000002
2016-06-25,-1219.9489797,-869.8469999999999,-151.13499999999996
2016-06-26,-1092.8928571999998,-751.063,-145.099
2016-06-27,-1417.6051020000004,-976.1440000000002,-163.654
2016-06-28,-1443.9612244999998,-1016.6109999999998,-166.96999999999994
2016-06-29,-1451.5275509000003,-1027.7219999999998,-169.785
2016-06-30,-1449.4685203,-1055.2920000000004,-169.04
2016-07-01,-1426.0940921,-1001.9969999999995,-166.61100000000002
2016-07-02,-1197.647745,-836.988,-150.02599999999998
2016-07-03,-1085.8355103000004,-725.0960000000002,-146.483
2016-07-04,-1403.6878776,-972.1329999999998,-162.58500000000004
2016-07-05,-1445.7567655000003,-1032.899,-170.832
2016-07-06,-1442.4453266000003,-1053.3430000000005,-168.55100000000004
2016-07-07,-1428.7345205000004,-1065.081,-162.536
2016-07-08,-1421.9761122000004,-1066.493,-163.685
2016-07-09,-1191.0328163000001,-882.338,-151.463
2016-07-10,-1110.6915715999999,-808.7169999999999,-149.84699999999995
2016-07-11,-1436.8707856000003,-1091.803,-168.948
2016-07-12,-1447.6156631000001,-1119.164,-168.187
2016-07-13,-1421.3078775999998,-1081.188,-164.338
2016-07-14,-1424.3447041,-988.6209999999996,-171.24099999999999
2016-07-15,-1390.7901225,-936.38,-157.93499999999997
2016-07-16,-1165.5580816000002,-744.623,-140.83899999999997
2016-07-17,-1087.1549184000005,-660.3009999999999,-135.71999999999994
2016-07-18,-1399.5296735,-938.466,-153.605
2016-07-19,-1427.7174287999997,-1020.848,-156.089
2016-07-20,-1448.1846633,-1057.838,-158.28300000000002
2016-07-21,-1448.2845814999998,-1077.8029999999999,-159.33499999999998
2016-07-22,-1415.1978470000006,-1052.356,-155.199
2016-07-23,-1190.9651732,-858.6519999999998,-133.38199999999998
2016-07-24,-1098.2198978,-738.4340000000002,-129.31099999999998
2016-07-25,-1410.3272859000003,-1004.8040000000002,-149.59599999999995
2016-07-26,-1430.3186938,-1053.0010000000004,-151.523
2016-07-27,-1425.1157551000001,-1064.7070000000006,-154.13
2016-07-28,-1411.4506634,-1035.61,-150.57699999999997
2016-07-29,-1379.2451529999998,-1023.856,-146.757
2016-07-30,-1166.0632959000002,-860.1800000000001,-136.27800000000002
2016-07-31,-1076.0428263,-735.7409999999999,-136.881
2016-08-01,-1348.9180308,-950.6560000000002,-126.87799999999999
2016-08-02,-1384.5433572000004,-964.3420000000001,-147.11699999999996
2016-08-03,-1410.6612041,-968.6320000000001,-152.16700000000003
2016-08-04,-1404.8539486999998,-972.5,-152.50400000000002
2016-08-05,-1361.0665814000004,-900.9000000000002,-151.67699999999996
2016-08-06,-1149.2228671999999,-736.4369999999999,-141.154
2016-08-07,-1059.3652551999999,-641.611,-135.501
2016-08-08,-1367.2978060000003,-761.27,-152.705
2016-08-09,-1375.9197450000001,-779.1940000000001,-156.16099999999994
2016-08-10,-1370.0731430000005,-754.2409999999999,-153.481
2016-08-11,-1363.7505813999996,-718.802,-152.566
2016-08-12,-1359.4856427000002,-684.2800000000001,-151.81199999999998
2016-08-13,-1157.8417447,-622.3259999999999,-139.996
2016-08-14,-1058.1321838,-599.6629999999999,-137.10999999999999
2016-08-15,-1312.6759998,-605.683,-152.47
2016-08-16,-1374.4320102999995,-684.598,-159.382
2016-08-17,-1369.6122859999998,-699.9759999999999,-160.69599999999994
2016-08-18,-1382.6480409,-718.985,-160.80700000000002
2016-08-19,-1368.3802756,-736.0750000000002,-159.452
2016-08-20,-1166.8689183000004,-710.375,-147.84599999999998
2016-08-21,-1063.9067655,-659.9950000000001,-140.05199999999996
2016-08-22,-1385.2225610000003,-785.296,-157.26600000000002
2016-08-23,-1417.7188369,-815.939,-161.20000000000002
2016-08-24,-1434.2608263,-838.8189999999998,-163.882
2016-08-25,-1443.554643,-869.8319999999999,-167.90799999999996
2016-08-26,-1427.8555102,-879.7239999999998,-167.154
2016-08-27,-1207.6552241000002,-788.833,-147.43900000000002
2016-08-28,-1117.9187244,-724.5920000000002,-141.47100000000003
2016-08-29,-1429.9216022,-965.826,-166.86999999999998
2016-08-30,-1416.2206228000002,-1007.234,-169.272
2016-08-31,-1430.0269693000005,-1005.049,-168.534
2016-09-01,-1436.2438980000002,-978.322,-168.07300000000004
2016-09-02,-1410.5852649000005,-985.345,-164.84099999999998
2016-09-03,-1180.3095509,-826.9409999999999,-144.14799999999997
2016-09-04,-1114.0335919,-736.063,-144.346
2016-09-05,-1412.548449,-957.7310000000001,-170.67299999999997
2016-09-06,-1427.3007245000001,-955.9329999999999,-167.22899999999998
2016-09-07,-1433.7914079000002,-963.8979999999998,-165.17399999999992
2016-09-08,-1449.9584284000005,-950.4680000000001,-163.65099999999998
2016-09-09,-1421.3987653,-960.6590000000001,-162.029
2016-09-10,-1197.2467348,-798.6779999999999,-144.319
2016-09-11,-1110.5754183,-708.667,-141.992
2016-09-12,-1438.7599387000002,-947.489,-164.44
2016-09-13,-1476.3511123,-986.913,-164.521
2016-09-14,-1471.7674183000004,-993.2689999999999,-164.735
2016-09-15,-1465.7331020000004,-980.893,-165.85999999999996
2016-09-16,-1425.6707447000001,-953.9039999999998,-163.89699999999996
2016-09-17,-1203.6293877,-758.9870000000001,-141.58499999999998
2016-09-18,-1109.7500103000002,-661.96,-140.07
2016-09-19,-1417.8812245,-886.756,-162.12399999999997
2016-09-20,-1439.2331532,-925.717,-163.79100000000005
2016-09-21,-1435.918959,-933.395,-165.05999999999997
2016-09-22,-1430.1325814,-924.3119999999999,-163.654
2016-09-23,-1412.0781223000001,-908.6650000000001,-162.49499999999998
2016-09-24,-1184.5643571000003,-748.6410000000001,-146.96900000000002
2016-09-25,-1096.3968573,-653.3319999999999,-140.91899999999995
2016-09-26,-1422.7488266000003,-886.761,-163.36700000000002
2016-09-27,-1452.0232553,-920.927,-164.48200000000003
2016-09-28,-1464.7868162999998,-919.1179999999999,-164.04299999999995
2016-09-29,-1466.1196429000001,-915.7410000000001,-162.781
2016-09-30,-1432.2711224000004,-910.549,-160.77400000000003
2016-10-01,-1199.9852246,-743.9030000000001,-142.22499999999997
2016-10-02,-1103.7598468,-653.41,-142.228
2016-10-03,-1127.7487037000003,-874.9959999999998,-162.61699999999996
2016-10-04,-1451.0887652999995,-899.8290000000001,-163.97599999999997
2016-10-05,-1485.5726326,-902.2249999999999,-167.70099999999996
2016-10-06,-1520.2124392,-913.074,-168.509
2016-10-07,-1482.1328165,-905.363,-170.204
2016-10-08,-1258.3216429000001,-745.145,-158.442
2016-10-09,-1166.4782446,-649.5370000000001,-153.012
2016-10-10,-1485.7528469000001,-896.0960000000002,-173.842
2016-10-11,-1524.7186531000002,-943.2529999999998,-174.723
2016-10-12,-1526.4863060000002,-924.0850000000002,-175.39
2016-10-13,-1534.2555102000003,-957.3270000000001,-177.96499999999995
2016-10-14,-1508.1145816000005,-951.83,-176.189
2016-10-15,-1268.9948059,-752.0600000000001,-160.69200000000004
2016-10-16,-1159.4549388,-643.5289999999999,-149.747
2016-10-17,-1491.2403062000005,-882.8439999999998,-172.843
2016-10-18,-1520.0235305999995,-929.3410000000001,-169.76100000000005
2016-10-19,-1534.2498876000002,-932.816,-176.30699999999996
2016-10-20,-1536.9438979000001,-920.848,-174.22699999999998
2016-10-21,-1509.5410408,-911.8060000000004,-177.81599999999995
2016-10-22,-1272.5405612000004,-754.443,-159.14899999999997
2016-10-23,-1178.5692650000003,-665.449,-159.237
2016-10-24,-1513.1746632999996,-904.4499999999999,-173.88899999999998
2016-10-25,-1529.786102,-936.3720000000003,-180.433
2016-10-26,-1525.9597654000002,-928.129,-183.49800000000002
2016-10-27,-1526.3491939,-897.997,-181.98300000000006
2016-10-28,-1510.5237755000005,-887.4190000000001,-179.316
2016-10-29,-1268.9284184000003,-732.4959999999999,-159.82299999999998
2016-10-30,-1164.9249083999998,-629.808,-154.31100000000004
2016-10-31,-1358.7111937,-745.505,-182.828
2016-11-01,-1328.4406428000004,-634.8199999999999,-171.29200000000003
2016-11-02,-1550.3964488,-870.1789999999999,-178.35399999999998
2016-11-03,-1563.3145713999995,-929.29,-177.56799999999998
2016-11-04,-1540.3430610000005,-930.1949999999999,-177.199
2016-11-05,-1325.9263062000002,-768.992,-167.478
2016-11-06,-1229.5299589000003,-661.2270000000001,-162.304
2016-11-07,-1560.370796,-890.6710000000002,-188.352
2016-11-08,-1603.7011937000002,-940.984,-194.79500000000002
2016-11-09,-1609.2163466999998,-953.7120000000002,-194.568
2016-11-10,-1609.8563063000004,-951.4279999999999,-191.37300000000005
2016-11-11,-1600.0438571000004,-946.5030000000003,-194.339
2016-11-12,-1370.4520407000002,-797.6819999999999,-172.95799999999997
2016-11-13,-1278.5437244999996,-691.466,-166.311
2016-11-14,-1596.0113981,-948.4609999999998,-192.63600000000002
2016-11-15,-1636.8361124,-987.177,-188.839
2016-11-16,-1606.1616121,-970.35,-185.654
2016-11-17,-1596.2302856000003,-963.731,-180.65100000000004
2016-11-18,-1576.0607552000001,-949.8860000000001,-181.37100000000004
2016-11-19,-1361.5737043000004,-790.234,-173.258
2016-11-20,-1259.1563981000004,-676.207,-160.719
2016-11-21,-1564.3391428,-905.251,-189.493
2016-11-22,-1584.6936223000005,-938.7470000000001,-181.154
2016-11-23,-1577.7081531000001,-938.0920000000003,-183.92
2016-11-24,-1597.5396024,-931.7170000000001,-186.35299999999998
2016-11-25,-1575.7305509000003,-928.918,-184.67
2016-11-26,-1364.0140308,-756.953,-167.06000000000003
2016-11-27,-1262.1965306,-659.127,-158.94800000000004
2016-11-28,-1605.8381837,-914.7169999999999,-188.629
2016-11-29,-1661.8550714,-977.742,-199.203
2016-11-30,-1671.7734895000003,-993.149,-198.39
2016-12-01,-1664.569112,-988.2549999999999,-195.34599999999995
2016-12-02,-1617.8053572,-970.0419999999998,-189.06199999999998
2016-12-03,-1399.1225002,-819.497,-176.184
2016-12-04,-1326.4360917999998,-700.803,-173.469
2016-12-05,-1647.3283777000001,-941.212,-198.197
2016-12-06,-1683.7132141999998,-985.906,-198.299
2016-12-07,-1705.2329386000001,-978.7919999999999,-201.655
2016-12-08,-1665.6760202,-746.7710000000001,-193.957
2016-12-09,-1623.8985714000003,-863.5579999999999,-193.963
2016-12-10,-1372.7616328000001,-791.353,-173.57100000000003
2016-12-11,-1293.8751021000003,-713.371,-168.10700000000006
2016-12-12,-1601.9055204000003,-962.6990000000004,-195.938
2016-12-13,-1634.9974188000006,-1005.0319999999999,-199.959
2016-12-14,-1627.8513263,-1014.1610000000002,-199.375
2016-12-15,-1634.0794997,-1012.0300000000002,-199.34
2016-12-16,-1599.4811737000005,-1000.216,-200.84
2016-12-17,-1393.4480204000001,-834.234,-184.014
2016-12-18,-1292.3400714,-742.916,-174.191
2016-12-19,-1573.4877448,-988.641,-198.07300000000004
2016-12-20,-1604.5166328,-1002.8919999999999,-195.777
2016-12-21,-1599.3889695,-958.2649999999999,-194.954
2016-12-22,-1543.5342654999997,-936.9750000000001,-189.64900000000006
2016-12-23,-1444.7056223,-864.0660000000003,-177.86700000000002
2016-12-24,-1219.7499796,-692.0109999999999,-162.496
2016-12-25,-1140.4814592,-578.732,-154.89499999999998
2016-12-26,-1144.0949181000003,-604.482,-154.363
2016-12-27,-1315.63849,-762.3230000000001,-167.297
2016-12-28,-1321.3079078,-777.602,-173.508
2016-12-29,-1322.3419999000005,-787.5360000000001,-176.307
2016-12-30,-1317.3909286,-777.238,-173.85099999999997
2016-12-31,-1237.5099388000003,-697.058,-169.24300000000002
