timestep,DEU,ITA,CHE
2014-01-01,8.13690610270635,2.4498378993511714,3.8148502893076683
2014-01-02,10.939126833883176,3.6979203250362205,6.168036774262512
2014-01-03,11.409940024303388,3.0895150926102404,5.267886254610111
2014-01-04,8.73169013714572,8.257284103580773,3.2899997109518884
2014-01-05,7.3167724208210005,11.014674968523257,3.7709687312851643
2014-01-06,11.960312948814478,2.5424189877537335,4.590493418434297
2014-01-07,11.733424048456651,1.7199394420390977,3.502689059572187
2014-01-08,10.131397970787207,1.9256176485482959,2.5313609545051885
2014-01-09,13.624290104923164,2.4351600740913493,6.56857595138901
2014-01-10,11.683129033328422,2.8541674941373754,1.3692617677017171
2014-01-11,9.368213297178428,1.6402500490111558,2.2244319830008092
2014-01-12,7.4187044328094665,1.215970748140422,1.4893024592098774
2014-01-13,5.534292744832784,1.6494475237053854,1.7554059487242122
2014-01-14,2.4496741317421726,6.036125003545349,1.3188254473490708
2014-01-15,4.947404287127649,2.733394281546931,1.801530951698072
2014-01-16,7.798468851885061,3.9292131168920945,4.027880702555261
2014-01-17,6.947593234064065,9.905578037271383,1.641875930594745
2014-01-18,6.166909936656377,9.8008709121257,3.3268519730861073
2014-01-19,7.341710645608148,9.944994884128079,2.028630836479359
2014-01-20,4.101028935485836,7.703902226206211,1.5604794717963815
2014-01-21,2.540021845082424,8.753228126658545,1.783082423211727
2014-01-22,3.255056962616046,4.828142389095147,0.9224651271387738
2014-01-23,5.525311051262453,3.2309436662055444,3.0685602990907483
2014-01-24,5.910164475634031,10.1726255178679,3.311454353142236
2014-01-25,5.494190611559463,10.616866030710309,2.3110984170848075
2014-01-26,9.49042948372429,8.786749159722032,9.78955449737204
2014-01-27,8.181279601464041,6.558354809337657,5.293444238948473
2014-01-28,6.270360613875782,7.283163924502345,1.5705077613977363
2014-01-29,7.676376508968365,6.636733042861449,3.0147319869720475
2014-01-30,6.588055417779505,11.839817749615424,1.7467578644134305
2014-01-31,4.710707750006996,10.385345347000323,1.2871953588487508
2014-02-01,8.92027854629547,8.380643046762662,3.1306730372834237
2014-02-02,4.114440151575791,6.9366865822426025,0.9952312470626334
2014-02-03,4.926537929690366,7.619437529492865,2.4117733478838344
2014-02-04,5.893195902594282,4.4419382232275515,1.82987290042292
2014-02-05,8.35607338891043,6.632048029773853,6.673097863071653
2014-02-06,11.40560175550764,6.350225817330487,5.889734828307218
2014-02-07,15.833617348803951,7.395835471638836,7.760008006419516
2014-02-08,12.082968187161601,7.872697444968617,5.651078835295728
2014-02-09,13.51082305106621,11.805276302062698,7.741465681021019
2014-02-10,7.628801386779323,11.24181232729937,6.967691995090754
2014-02-11,9.674143339655531,7.005169259480898,2.0111045367231717
2014-02-12,9.42133249229477,6.635248389962527,4.15673628922236
2014-02-13,11.785771875185672,7.702055396879437,10.543979903002281
2014-02-14,10.64955847780833,7.044684190516613,5.226004556975938
2014-02-15,14.38407810186201,4.651982906758665,6.590171535756633
2014-02-16,13.102425164702641,6.581471287109167,1.5880738470804814
2014-02-17,4.496389407944207,6.9783304252002045,0.7557233289271131
2014-02-18,5.509493311383111,7.771803693813519,1.9927393945941718
2014-02-19,6.3739130318204325,8.3321912478645,1.1296074212841234
2014-02-20,7.38249637662426,4.793770888884875,1.442876560936472
2014-02-21,8.920053856142141,3.221206149261559,3.2182791681307488
2014-02-22,7.098965960177963,6.332342265422756,2.550025098843494
2014-02-23,6.471056499345219,5.450360291505705,1.2864795859102789
2014-02-24,8.607020201783484,3.3919573667680045,2.408778726557455
2014-02-25,7.378212917356915,2.039475048253371,2.425318937437083
2014-02-26,3.076982328861075,4.020758570556487,1.3791201183102264
2014-02-27,4.5949644682001,2.8918402495738795,2.8824094274653875
2014-02-28,4.245170653588067,6.039037497878495,3.8336318837900545
2014-03-01,2.7780513796848747,9.935145543150925,0.9624096631917567
2014-03-02,3.5390221703970366,4.010096820001193,1.8483039630058011
2014-03-03,6.660296070627312,5.418066240257224,2.8079551030666536
2014-03-04,1.6646409196939012,9.944883798411789,1.464699256046197
2014-03-05,2.6838383823624437,6.53872991500575,2.658942433886852
2014-03-06,2.998951548808956,9.189734427409581,4.016120507618657
2014-03-07,4.360256506047259,6.3603813710160075,1.1135200803894192
2014-03-08,5.5151774472668835,7.844767598899347,4.290221894038802
2014-03-09,8.426554121151117,7.385529374112151,1.4917164713006852
2014-03-10,5.126196390373108,6.285808980282304,1.5855245640705513
2014-03-11,6.598470611942315,4.382196215266349,3.9311065624123818
2014-03-12,4.097481276743604,2.809107441489074,1.2360100241959509
2014-03-13,2.4397821355528673,2.771816114959594,0.5472255035980745
2014-03-14,4.160744014552405,2.650772705914197,0.5460232891990433
2014-03-15,16.134317069397152,3.987330221336001,5.4522477152603885
2014-03-16,17.274369724788812,4.354314725830725,4.622223349477955
2014-03-17,11.326407029697961,3.818009649729189,1.4961814428058875
2014-03-18,8.357147584181218,4.108653896199961,3.529133888429379
2014-03-19,14.179823810202526,3.675128491441323,2.7102945911753342
2014-03-20,10.441528643944146,3.344877654347922,4.815417514560998
2014-03-21,11.304330479701319,2.4293822987584943,4.865665853313738
2014-03-22,6.617395606091458,6.402742444510963,3.3590508904683634
2014-03-23,3.6354759080760632,12.695228975011892,3.5832382898152804
2014-03-24,2.3751396293706035,10.12039168024924,1.86279642380239
2014-03-25,2.1571093379606108,4.596629241093001,1.0217057202125137
2014-03-26,5.060759758921931,6.897047200645716,1.5768878259857175
2014-03-27,7.669244157624924,10.70306144624401,0.9221985927649374
2014-03-28,5.812999952166911,5.4369105717659165,0.5540929171700134
2014-03-29,4.846830989353488,4.320595846613654,2.4211080774631957
2014-03-30,1.6883420622790497,3.217488927486622,1.4201778821187607
2014-03-31,1.7849321360199055,2.818239670888376,0.9328977243197506
2014-04-01,2.55373563812913,4.083905607208193,0.9025044762974592
2014-04-02,3.4417854187125094,3.5400043668555927,1.8043820304660056
2014-04-03,4.004858300708861,6.7126221586508725,2.34159351163976
2014-04-04,5.105882074432271,8.658645261251491,1.2306047449370439
2014-04-05,2.4010862166934417,5.9683085734951264,1.611324605723505
2014-04-06,3.634128253580822,5.19390709835098,0.4307571556160831
2014-04-07,5.428057480504016,3.7383018132178036,2.4220037710180957
2014-04-08,13.785506053427529,4.064140149411868,6.054577614648997
2014-04-09,10.955341558560507,5.946150306982339,1.850335726515568
2014-04-10,4.12730417067777,4.297187352092276,1.3879673530965482
2014-04-11,2.18369678198492,2.9082423014651546,0.9705589629322601
2014-04-12,2.168024233585536,1.5749986147243469,1.7189556636310284
2014-04-13,7.772610951350784,1.9097997235121298,1.6793263911687852
2014-04-14,15.00254952732743,4.532133314401445,5.308106391265168
2014-04-15,8.737900970199332,9.033567394784429,4.417292730355717
2014-04-16,3.066951063075498,9.563626291409504,5.975119983696333
2014-04-17,6.664915567600819,7.800364259307974,1.790962729161677
2014-04-18,5.864635683429689,5.166614714565285,3.3210659519561596
2014-04-19,8.501989082534077,7.651509315099972,4.310547173873125
2014-04-20,8.940790737118995,3.960188497905051,0.7305987795035296
2014-04-21,4.840578711429101,4.384070268693678,0.92214217724456
2014-04-22,1.9584429159053067,2.312068715271747,0.8877203618207092
2014-04-23,2.0652909366428327,6.456181198471488,1.140861965804785
2014-04-24,3.6950893727738188,5.982973604368021,1.5844605197855213
2014-04-25,5.897843621990545,2.489321010626061,2.337422514888253
2014-04-26,2.9455367698132813,3.21302730149163,1.254030068303323
2014-04-27,4.533932289435592,5.685724109011836,1.669985380876614
2014-04-28,2.7957187802959984,6.957080833839802,1.2798419099918559
2014-04-29,1.3700037861337209,5.62644289964463,0.5974191924988178
2014-04-30,1.5187656556974787,4.886374203155773,1.3566619939990459
2014-05-01,2.665744003029109,3.5643407688022237,0.9739106930018155
2014-05-02,5.780166858759239,3.681042816487431,2.474114791889393
2014-05-03,4.863424079533133,7.023632076065812,5.206898217862408
2014-05-04,3.2307287356425993,7.024239718649578,4.642016109025612
2014-05-05,2.099490211439703,4.201820232859018,1.462537900258486
2014-05-06,7.895721113944859,2.5331848231031078,4.840620569045907
2014-05-07,9.45427919102293,3.9592759834077826,6.626685492051024
2014-05-08,9.628014493149166,3.2777702584331707,4.840496409432749
2014-05-09,12.927323937495377,2.898917516019758,6.392249037845936
2014-05-10,9.631573717275893,3.3690721019673577,4.945155088491673
2014-05-11,14.16368256809168,8.692335180096292,9.210917861669657
2014-05-12,10.677334197230639,4.77723998907463,4.723683109404758
2014-05-13,6.106149884446964,6.332875283036474,2.8178079905611892
2014-05-14,6.986734639969196,12.315238051358076,3.5850038964619
2014-05-15,6.085896363258624,8.76105608156051,6.26015542793262
2014-05-16,7.037294472311484,7.153586723964994,9.551663991977861
2014-05-17,4.47022881580007,2.1689494071830846,4.1043293318583105
2014-05-18,2.9484196616217204,4.11342859817383,1.0518075767461839
2014-05-19,2.9222499939753974,3.7250530506676816,2.931931180397311
2014-05-20,3.176195330238716,1.5999775435756765,1.7489986318999216
2014-05-21,5.324571272004961,3.4455101639614405,4.935122213704615
2014-05-22,5.189359853322017,3.73297559956774,6.005230328382379
2014-05-23,3.0941924522192235,3.983580502594216,2.231388485062217
2014-05-24,2.654990570593989,2.8711013055699643,1.7897303415255172
2014-05-25,3.541415394557831,2.9601099771915544,2.353791020778818
2014-05-26,6.063541874510348,3.308453285423622,0.7656126299686211
2014-05-27,7.396360682627164,6.013256256563686,2.8022059062644393
2014-05-28,6.713674612328634,3.77819423237203,1.0060129332997656
2014-05-29,3.9714555488968277,3.634919039008142,1.4766148712102112
2014-05-30,3.0955060458972947,4.509546621456688,2.601918526675184
2014-05-31,4.565953853956911,4.249048421946672,2.72767162855067
2014-06-01,1.9417700219133538,3.2618119129355185,0.9694696599678594
2014-06-02,1.2720274706450385,3.4637202044754014,0.9401522572741562
2014-06-03,0.9694425513653923,3.848143206234884,0.4136044417470335
2014-06-04,3.803613875993171,3.9807728436970424,3.499196008579481
2014-06-05,7.16467585293789,3.117760281250992,1.2562305410141568
2014-06-06,2.815361447238086,2.2870268039257042,1.1347616397279374
2014-06-07,2.288043795359058,2.204115179002959,1.1219834619820614
2014-06-08,3.3199784401239967,3.810753616432602,1.0750635006101243
2014-06-09,3.161113926136335,3.130147051171164,1.5225939704131126
2014-06-10,2.839994628546329,1.9966158101636666,0.8505314525925537
2014-06-11,3.5222437732207617,1.8241429916554024,1.6481049453344019
2014-06-12,3.997846640303036,2.601953942503073,2.1653065424111064
2014-06-13,6.747193120119075,1.976940657948749,2.078680177524255
2014-06-14,4.778851201467871,3.2580767849692887,4.251568109673052
2014-06-15,3.898956786652804,5.966182299283793,6.67162032442622
2014-06-16,4.175768037329036,4.896385150091459,4.741758487829154
2014-06-17,3.3010015535637485,3.896937044242025,4.513184243727735
2014-06-18,4.168656526614169,3.587178818316345,2.9547261951955943
2014-06-19,8.092951174462673,5.249628410980077,1.4820093183148004
2014-06-20,8.32145282326563,4.441715109197457,2.3019957440767658
2014-06-21,6.616404157770292,2.208504551091697,1.2036550503493877
2014-06-22,6.971688103741032,2.4578813649331637,1.4080782891308312
2014-06-23,4.7674638313749735,4.014160507818106,1.0273353415343023
2014-06-24,2.7017459880640247,6.033640933327824,1.286970369111831
2014-06-25,3.701725188967986,7.10160067073224,2.413667382461003
2014-06-26,1.315269645376653,3.1857928801327606,1.2403272725409633
2014-06-27,2.3725479224059676,3.2926387237556303,1.014551565714049
2014-06-28,3.191182969087449,3.169505135189544,3.861084872621468
2014-06-29,4.898373937775281,6.341135121066194,5.767039180826033
2014-06-30,4.293595888403707,7.275732691514133,2.393906668235885
2014-07-01,3.006655206786415,2.141069158328171,1.0471048471977495
2014-07-02,3.1032949613669927,2.330360594111253,0.7675849398279584
2014-07-03,3.160511704842962,3.8142102064542076,0.9166792100342417
2014-07-04,3.7995212839790784,4.616434712085883,3.7333373146264
2014-07-05,6.142019119631957,4.043299464267616,2.9903844233469754
2014-07-06,4.780172234171761,2.162412192437908,2.244932343284947
2014-07-07,3.6931640351763035,2.892429115238818,1.9626453588902166
2014-07-08,6.697578349391872,9.242434547934698,5.228698767217774
2014-07-09,8.45307047444584,7.79654265371799,3.7126013453718425
2014-07-10,4.7716555110351555,7.90841770823813,3.6472985108343554
2014-07-11,4.735680571194185,5.20759534902875,3.010115888049948
2014-07-12,3.0934241951473336,3.6917094920233424,1.239746564908574
2014-07-13,4.026375633126068,3.8879167691184375,2.1002720574665457
2014-07-14,5.306540363314595,3.069122817403394,1.7114192151022505
2014-07-15,2.8930172623793977,4.3959423161295454,0.7361712103535353
2014-07-16,1.4372976383908251,3.7299773792596116,1.01236022274505
2014-07-17,1.5384331459065756,3.409740841172414,1.3583220660822952
2014-07-18,2.6379107384067817,3.444457148729753,1.4820457647809226
2014-07-19,5.190815416887546,3.0442717664761307,1.9337086140683037
2014-07-20,4.188645719620882,3.8644367105047945,2.1830205269551213
2014-07-21,5.536580226378577,6.366788581687165,2.434754959874889
2014-07-22,7.708565165254095,4.46052328634274,3.6666600772583
2014-07-23,7.13670039696639,3.3885524603651054,3.967252372075691
2014-07-24,4.943183104968261,1.7271837219282478,1.185858207835978
2014-07-25,3.0087655549187367,1.7299629374635879,0.6935172449498709
2014-07-26,1.9037564630747947,3.3627552693057416,1.5953145185444833
2014-07-27,2.0003663775981355,3.9216762167454546,1.1274388311788826
2014-07-28,2.575185809199746,2.8743550854243587,1.3640949285393826
2014-07-29,3.1868733255697035,4.606989790375896,1.4392168744230944
2014-07-30,5.095247774351852,7.899144394462552,2.7264578053698956
2014-07-31,2.647038220499135,4.398365835169554,1.614892263683038
2014-08-01,2.900003981124294,2.70349004247483,0.7552089673697522
2014-08-02,3.3637785175312147,2.0186984669251635,1.3523353150250583
2014-08-03,2.3289048556283696,2.570846169078862,0.8856276514737387
2014-08-04,1.922408377421505,2.3737456527967904,1.353150428457447
2014-08-05,2.4216208357164115,3.716839517133581,1.4622653673228518
2014-08-06,1.7579967639569127,4.913573951703875,0.8309173235386511
2014-08-07,1.6386045990856364,3.677387542110211,0.7726344255207573
2014-08-08,2.9021052793730377,2.0441519753467343,1.3216601924508389
2014-08-09,8.222673976929775,2.0426437534637616,3.227142365928093
2014-08-10,7.868189095959704,2.2659374438750346,3.7843664012838687
2014-08-11,7.9782534444760325,2.994400947579801,3.284463190891835
2014-08-12,7.3304007373403195,3.1883084606745413,1.1432978974106969
2014-08-13,4.990205069843143,6.821414095448353,6.494306770100403
2014-08-14,6.104612362037445,6.533896539712296,2.813303585517051
2014-08-15,4.62457527867259,5.297273634248927,4.1223050469162805
2014-08-16,6.958797831101475,4.845354885121918,1.625640877507776
2014-08-17,11.67972135115503,4.299912048595976,2.3080622384189646
2014-08-18,12.295671621429724,3.1718084814907375,4.980188608098266
2014-08-19,7.308279960805317,4.17665449283064,2.249527092670838
2014-08-20,5.531048267888432,3.242025164373921,0.810323810129193
2014-08-21,3.430217388566192,3.3866263880076937,0.7533207778658552
2014-08-22,6.464825992662459,2.401984653766449,1.6471133088737822
2014-08-23,5.189689296805953,4.007266794714891,2.4835655699752732
2014-08-24,5.386699099843257,3.8269166713512894,1.2397830622802486
2014-08-25,3.494343950620824,2.4409039506295525,1.9744965615096195
2014-08-26,4.030592307027371,4.652820113087904,9.037159672613235
2014-08-27,2.7366069655222844,4.37171529748583,2.5454924923813125
2014-08-28,2.6453378031163015,3.6836815118121056,0.738088628324577
2014-08-29,3.984745765119008,2.25182775953649,1.1234646344806445
2014-08-30,4.469263778273432,1.1082630258602602,0.6413495327603154
2014-08-31,3.532753912867955,2.75096889764424,2.9835315782675425
2014-09-01,3.4236987036644475,11.543707076546665,3.650623916406548
2014-09-02,3.9090763649420643,8.736257378097513,4.052642916303697
2014-09-03,6.336662768957366,5.349834927802688,4.046616952570294
2014-09-04,5.889795513719607,3.3374516594402746,0.7613216335770914
2014-09-05,2.516836760453844,2.918987023481889,0.504668637341553
2014-09-06,1.400791852378381,3.3954141137599354,0.4908776069489132
2014-09-07,1.7242580836681245,2.6103086451817727,0.5315318212983752
2014-09-08,2.7051214346806964,1.602678794942822,0.7708276460726513
2014-09-09,4.383661063171275,1.4113376129571202,0.7744587566560565
2014-09-10,4.191569433140274,1.9830960343021162,1.6892958696406597
2014-09-11,4.192069302766789,4.102138684996228,2.078676355688521
2014-09-12,8.39893802019576,4.692893912265787,1.864516775121125
2014-09-13,4.992892873955426,3.0322817325417417,2.5618881841912255
2014-09-14,3.7227632009277563,2.00258895975863,2.268201961861345
2014-09-15,4.220783407220167,1.2717027171579134,0.6709086844847665
2014-09-16,4.8322119502211285,1.6236993604626182,0.7502912171935682
2014-09-17,5.315375027710398,2.805158842480807,1.083110470163168
2014-09-18,4.103226628284703,3.626369382346497,1.9129383481987627
2014-09-19,2.367308772167934,4.50590252988764,1.97060139986303
2014-09-20,1.968015085809803,3.0777585406309367,1.981461363099064
2014-09-21,6.50695918708346,3.7558916043129464,3.2323531186122105
2014-09-22,11.035907147292695,6.211292435910379,3.513746543946013
2014-09-23,3.4407853647543507,6.324482362689819,3.041974879861565
2014-09-24,5.72126899305624,2.679595157835847,2.3641373348808505
2014-09-25,7.8091866847745,2.774872059470383,1.3785056878257738
2014-09-26,6.825633338580623,5.382495830843671,0.9305827685377737
2014-09-27,3.0312072658506786,5.631902071857092,1.9201087378906383
2014-09-28,3.4234112706914326,3.8917956209217412,0.902758787661484
2014-09-29,2.9760189957593544,2.1506792251725795,0.9126286714810289
2014-09-30,2.027935294557207,1.6992682917612771,0.47019912655658386
2014-10-01,1.3315547857925392,1.7327249984826838,1.0507608709108993
2014-10-02,1.550256194009201,3.411780787913837,2.12962467340631
2014-10-03,3.6213707570494997,3.1853312384334105,1.0675512337779494
2014-10-04,5.896372859834639,2.8148262901567733,0.9691414527209329
2014-10-05,3.1894637332802875,3.2559050116756967,0.5045460073730088
2014-10-06,6.161502779476274,2.4631231716908473,1.8086921541962866
2014-10-07,10.181707960941859,2.5667336151782765,5.54285682600568
2014-10-08,8.430390822488473,3.5461975750867687,5.708559116406091
2014-10-09,8.024996050002533,3.8328919562581945,5.763321671296283
2014-10-10,3.617047981577638,3.000848014323881,1.7658057428735774
2014-10-11,2.5470519447594344,2.5689317595863446,1.37154957819282
2014-10-12,4.165325922656664,2.945554334603718,3.114401020951979
2014-10-13,4.53322707861515,5.165968143180557,2.3385478478320705
2014-10-14,3.621387883107244,4.352263471381887,1.1732266147848818
2014-10-15,3.8241757550735596,5.217989744940245,1.309640456591968
2014-10-16,5.398110818544235,6.222009828487398,3.0874532235425667
2014-10-17,4.65197357039734,6.555059804216821,4.570909396565756
2014-10-18,5.499115559296905,2.2703470484789197,1.197919009459933
2014-10-19,9.711672543853869,1.4338484456137242,3.5678321329827
2014-10-20,9.865230288572253,1.4321746863331377,2.686610417434123
2014-10-21,11.828240492517194,5.692549367967355,9.234340355244157
2014-10-22,14.905694078445737,16.14607579792124,13.215892994253181
2014-10-23,5.105747095261458,12.7198883829114,4.719936809690401
2014-10-24,4.632248269905266,8.003309179310932,1.685775429937384
2014-10-25,3.688998907326955,6.203138920218728,0.412651988862275
2014-10-26,4.5234041646879835,4.9857478499712755,0.9785515476913036
2014-10-27,4.86653362644051,4.498212016904427,0.825093147570419
2014-10-28,4.551377505565338,2.424628738728513,0.9464431722052586
2014-10-29,2.826755694745271,1.0798658651773643,1.5070148490988904
2014-10-30,1.9409425631745243,2.739686553507951,0.8487830963933257
2014-10-31,4.096594059255786,4.74450635661376,1.0347122840259897
2014-11-01,4.637043613798529,2.4165299888004297,1.0563635960385396
2014-11-02,6.777304905519241,1.461704004254012,2.2150046202229188
2014-11-03,11.655182126092535,4.912504136885244,8.051689564020098
2014-11-04,6.444314134829287,13.871305945935571,10.203032766639272
2014-11-05,2.7833879222452427,14.505598645011805,1.9245960234973658
2014-11-06,2.830949174524943,6.983277178948582,0.5620947163047046
2014-11-07,6.115394818515441,8.012832763813444,2.3214143817178616
2014-11-08,6.520205020523496,4.198478473004097,1.8134362602134244
2014-11-09,4.4653279883970285,3.2981435324654105,1.6508854758411213
2014-11-10,3.610844795874296,5.924686719494012,1.382679786208294
2014-11-11,4.636612696351579,7.864104974745057,3.2713493430944323
2014-11-12,2.9185449814660758,6.843771382791829,1.1303006281598909
2014-11-13,1.7123534362175579,5.4924797518866235,1.1817398043631022
2014-11-14,6.144881373896596,2.3629897012518706,2.70975355525252
2014-11-15,5.6240653147512765,8.319636081361544,3.2867206896105987
2014-11-16,6.021365116274357,8.074242465103898,3.176645160077086
2014-11-17,4.178884380703226,9.035129665107988,1.1937109838896591
2014-11-18,5.48001419751032,7.741335634627875,1.7057170064162361
2014-11-19,2.228578722177204,4.229660282208288,1.0529136983339304
2014-11-20,1.5447989622777782,2.444915459035659,1.187346058192671
2014-11-21,3.155208705690528,1.515678137559673,1.0976557621388698
2014-11-22,4.7391257880225615,1.6547693574881124,1.2235933004761905
2014-11-23,6.240718360091504,2.3076031086504867,2.719462920090044
2014-11-24,5.2242818555505055,1.5758975451839898,1.2081292581925502
2014-11-25,3.7168316133321286,1.7623174700013746,1.3580175826984375
2014-11-26,6.05992121949346,2.6731415968688053,0.9467814100180132
2014-11-27,6.687771798973499,3.3064407613366713,2.2568256817008208
2014-11-28,8.592174811670265,8.062104141681173,4.615980533992657
2014-11-29,6.504664214968829,6.995887007453655,2.9826999307243693
2014-11-30,5.375766433236031,8.050408113281692,1.5392706513769483
2014-12-01,8.295602556946447,8.851732325660507,1.4816296514806238
2014-12-02,3.471736151446172,5.1093650908128145,0.44728915339750125
2014-12-03,2.999863246548944,5.287606503727924,1.690963409797129
2014-12-04,3.4228556119136466,3.3930530194487147,0.8143358702483765
2014-12-05,2.1783354731900952,4.578415560839595,0.7268646868616205
2014-12-06,2.753201699760194,5.551213578998803,2.2784873830181445
2014-12-07,6.21729532992469,3.265142027637755,1.7937352158705506
2014-12-08,6.6792520121994485,7.262599924599278,1.7622751503108676
2014-12-09,3.9502156486483857,10.191476093356156,2.323854949967226
2014-12-10,12.031536294493163,7.3323815454057755,3.0780706580803945
2014-12-11,15.343685706142024,4.430124786524563,7.981178678076659
2014-12-12,17.20139169215408,4.694894636651543,8.224739277090771
2014-12-13,7.57104090413101,3.992676832918634,5.172498993790862
2014-12-14,4.676084971755798,3.266278318017891,2.953628031737271
2014-12-15,8.394703250911748,3.7469119177953494,1.8900931511084698
2014-12-16,6.7664840298439355,6.362455420168956,0.9769876830814491
2014-12-17,8.963990236704927,3.603068186868909,4.128743356444353
2014-12-18,13.08965195866938,2.6804074837000127,6.290933612164863
2014-12-19,17.298914923498778,2.865558238118692,8.01971759335481
2014-12-20,17.57964876602465,4.284451592844503,5.423861027690806
2014-12-21,13.813860715246275,5.579379859216563,2.5565492754998966
2014-12-22,19.148854899034895,3.3103620170611294,3.4879812279144735
2014-12-23,16.470142010649408,3.14152409457139,3.3508005963680096
2014-12-24,15.917933729125629,2.8083055442929403,4.67444776265948
2014-12-25,12.579740265715522,3.222323317662584,4.554945995233525
2014-12-26,3.543778072114778,7.6520844194271405,2.174061638583405
2014-12-27,9.13430646367459,8.273098649454793,9.360894265992435
2014-12-28,7.39238792554195,11.491617671608108,5.812072882903221
2014-12-29,6.752290237989495,12.554867310277839,3.1929511138284625
2014-12-30,5.489428798277669,11.55847985617066,2.4133500466747715
2014-12-31,5.261559920028651,12.342946411515701,2.2774008018704515
2015-01-01,7.476518837565724,10.07384867894948,1.1019923308264414
2015-01-02,16.182001500316964,5.150799766974781,3.9237864708208186
2015-01-03,11.51542297450918,7.239632000829122,9.24699979561423
2015-01-04,11.220694003751651,11.57706038607229,3.6984542320177574
2015-01-05,6.667190083764652,8.700386045308859,1.1850771031233454
2015-01-06,4.844086517744612,5.459706722447663,1.332113002477646
2015-01-07,7.111571187702659,1.6845647568819728,1.3951224272388345
2015-01-08,13.364270549365765,2.287912536538554,6.489290048118243
2015-01-09,19.93035878917295,6.541187221819127,12.557333139803623
2015-01-10,21.003323554779037,9.467107137605682,14.034994672772866
2015-01-11,18.53136628049957,12.466524205930728,10.505234119982376
2015-01-12,18.295719375566915,6.335465884241471,8.618628665614205
2015-01-13,16.155332151119367,3.909542956754595,10.075270839768804
2015-01-14,13.314587337013053,4.595200831155638,8.91496692965602
2015-01-15,14.569060550575902,4.2588268496224275,5.840131480570568
2015-01-16,7.303802050464684,7.999028113821949,4.633432469401338
2015-01-17,4.46335035295793,8.87706148081012,1.4395449916145866
2015-01-18,5.13436723177332,4.260636911716243,1.143413793082723
2015-01-19,2.359078131981387,2.8289113858848878,1.2573772155868832
2015-01-20,1.3822448835379555,3.7356654902183313,0.9478072121857821
2015-01-21,3.751462256624596,5.259448330401731,2.1825449869973625
2015-01-22,3.7992651930194814,5.780758392793331,0.9391712088094977
2015-01-23,2.7751230297383915,11.347768783237132,2.40318773921427
2015-01-24,5.326062380524368,9.001431857040997,2.3583609526817186
2015-01-25,5.049566037858567,9.604705091684362,4.200437499764502
2015-01-26,7.774620061261291,6.700733470704561,2.1740201797843333
2015-01-27,9.383045286100456,5.458012280986771,3.290518795678562
2015-01-28,13.042873255056625,6.720814758432668,5.044547976261738
2015-01-29,12.792879842279554,8.859716563286494,8.681921306137738
2015-01-30,7.114101459826594,15.940847283880554,9.102522211843842
2015-01-31,6.202903059997977,6.404687745278673,2.978155605618755
2015-02-01,5.988792641130551,9.412217536121307,5.748647003030508
2015-02-02,7.885464182362914,7.103704459884548,3.9627392904415677
2015-02-03,4.077602985042217,8.189445336718963,2.333445507939114
2015-02-04,3.104184065553445,10.342543043962063,4.770115469154775
2015-02-05,7.320316198958095,12.095992430224342,7.884794973642279
2015-02-06,9.168483065225754,10.909275875637041,9.03986818470349
2015-02-07,8.200392303971539,6.982517427670347,3.854695472822793
2015-02-08,12.85575787149195,9.670785432917299,6.231416428203444
2015-02-09,11.277705615287267,12.202796358407426,2.3496063955539164
2015-02-10,5.58671408785495,7.503144668894622,2.8999723446726167
2015-02-11,2.5169353502739122,3.7025126001121222,1.3111547693542334
2015-02-12,2.517386498710154,2.71788101470519,1.3458488822998969
2015-02-13,4.673578847716735,1.4366468337199212,2.2617898905847578
2015-02-14,4.565261634620665,2.6649874787949357,2.2874222401000606
2015-02-15,5.802024696924777,4.506540449613704,1.4095164845503554
2015-02-16,5.191435409710795,9.241700237636019,1.2259185249359987
2015-02-17,2.5239967940591406,9.036713203489708,1.0946428491588907
2015-02-18,4.203116762846479,9.337846086420285,2.102348806329746
2015-02-19,6.758178355621274,2.3987608964260407,1.4313466677348576
2015-02-20,10.497238123616258,2.1364995585233717,4.478797011240743
2015-02-21,8.629735065926093,7.974106590852031,3.951610046709535
2015-02-22,4.462236306366356,9.136862431511293,1.757424128760883
2015-02-23,9.882112369062872,4.259611762834838,4.868207717884657
2015-02-24,8.62153179538662,8.870257920799304,3.3946822123801277
2015-02-25,3.426242436103487,11.197377024798593,1.7420217119362853
2015-02-26,5.873655347553564,6.8453135361185895,1.2016878915804479
2015-02-27,5.1181731208256505,4.013646730997115,3.2904064843956298
2015-02-28,5.542080836407462,3.308615238923709,1.115449252568681
2015-03-01,12.875807287627145,3.9951442689208334,8.53441834687097
2015-03-02,15.334938661823097,10.089489291409954,11.513936412405023
2015-03-03,12.111358342665516,4.7484871783701585,3.686217789399554
2015-03-04,10.267494351222544,5.2962920250494925,3.408313429088528
2015-03-05,6.6575057603878,17.900509776374857,8.803003597919817
2015-03-06,4.4926073510099425,13.901513848225902,2.1911517370003737
2015-03-07,7.143995362505756,12.23020961823433,1.2928978408558545
2015-03-08,6.66220112072281,7.826615877625984,0.9848091685701237
2015-03-09,2.995418411609053,4.269865276028233,0.7339176888654563
2015-03-10,4.578220719777213,3.0123086277296394,0.8490549516958208
2015-03-11,4.706137300799969,3.872879328432936,2.6140458770354957
2015-03-12,3.9852197351481444,7.593673451867207,4.060951645783334
2015-03-13,5.429565328485488,4.42276154130796,1.2669310827560705
2015-03-14,5.2625358298530625,2.792469848475407,2.0329454544147993
2015-03-15,7.7620627666502005,9.587644248306445,2.948664832642299
2015-03-16,9.11348038013827,10.287960423233505,2.2746222333205326
2015-03-17,6.692144506812688,7.716329976706974,1.312677782523769
2015-03-18,4.609993046262736,2.617203794687223,1.4612160777567915
2015-03-19,2.590524366387391,3.432957068718782,1.8918138636359505
2015-03-20,1.885148209530811,5.06215792166954,1.124519358431093
2015-03-21,5.078823400798675,5.430449219432814,1.5601495211597827
2015-03-22,6.298726782029031,6.828329458951958,4.696784759775099
2015-03-23,2.6918583300266015,3.607901013403543,0.6528170427045021
2015-03-24,1.9364816749294127,7.159092972254426,1.4276715642633209
2015-03-25,5.743385661520057,13.521931038344624,1.8929786680585612
2015-03-26,4.405547782888223,5.064874995474397,1.7040964931875928
2015-03-27,8.41111381530396,9.829794501412177,5.183551468584575
2015-03-28,6.421658979518174,9.370005346239264,2.6645553656039924
2015-03-29,17.291742462767004,5.831270061812543,11.29193956474822
2015-03-30,17.960846294269963,10.233626436898701,12.4682585376979
2015-03-31,20.658843736740977,10.692979646222948,17.912260290544854
2015-04-01,17.901655872322976,12.634932128272867,13.6843424757657
2015-04-02,13.996810217462551,6.768464514781977,9.654461480794502
2015-04-03,5.110851108609736,6.2144458179897395,0.701022105256945
2015-04-04,3.842163006480839,5.478970961397529,2.0831570322434523
2015-04-05,4.232528672272419,10.678827698604122,6.769509164711996
2015-04-06,4.210746283746782,9.720628057348097,4.283963036028976
2015-04-07,4.843356414111265,10.303834544211306,4.073062235855153
2015-04-08,3.6242188041062895,7.634686671907108,2.0142813277498046
2015-04-09,1.9829642161726166,4.655201284585338,1.6290134631388273
2015-04-10,2.4807172240367708,2.900436893774004,2.354595644826658
2015-04-11,10.362626902958562,3.3653935871455296,2.937126825019386
2015-04-12,7.259415460878751,2.1836720043277866,0.5915932180840087
2015-04-13,9.797342253590694,2.726095160979729,1.8281703045464484
2015-04-14,7.327510420913888,2.9940406723920674,1.0570193583258798
2015-04-15,8.458070953197351,2.4413687394906005,1.4715468258906865
2015-04-16,5.791111093362453,4.378754955081448,1.852580516256914
2015-04-17,5.96887946064271,5.2046015077216214,2.9993911442108896
2015-04-18,4.36230261367824,4.76483977099674,5.6722829962846095
2015-04-19,3.634207818758804,5.763800457851398,3.3827032372876027
2015-04-20,5.125322036670895,3.386135875834484,3.192713372296774
2015-04-21,6.983067878618814,4.497025325525874,2.988717255421685
2015-04-22,4.116709082346213,4.215621720660338,2.1479909151660372
2015-04-23,2.469899338621371,6.052343547140686,1.7083935127370515
2015-04-24,3.3334173379764835,3.288996842761468,0.9685586278347509
2015-04-25,6.016764828785472,1.6339484431801001,3.0106733453952437
2015-04-26,3.646846903075166,3.1250545320079883,1.7065838703928475
2015-04-27,5.529548039011438,8.318107014751098,2.8408837398064937
2015-04-28,6.226040356981224,9.025681611350747,4.098022987707871
2015-04-29,4.464593551945087,4.525947999092348,2.316263331998914
2015-04-30,5.394066587421346,4.094633539388038,2.5545338110024574
2015-05-01,3.072969394787924,7.413181921101024,7.17746836598886
2015-05-02,2.0305333045497775,5.043255093810989,2.8910183799703923
2015-05-03,7.344777597334528,2.775676087964129,4.7773972273624485
2015-05-04,6.330606593797658,2.9705885377729686,2.8014439898383796
2015-05-05,10.941119182461035,4.746107094105534,6.673530665301182
2015-05-06,8.625570347659057,3.6217583028650675,2.6480743476947843
2015-05-07,7.180180357861653,4.348548380095551,1.0645974426128357
2015-05-08,2.6335944669291034,2.4865705754266445,1.9664551804740673
2015-05-09,8.625915224818574,4.755632265518948,3.784425097496516
2015-05-10,7.182504884640129,5.773820959599482,1.0861483494054287
2015-05-11,5.798038380675035,5.016835665327359,1.3277031458969522
2015-05-12,8.708492169086231,3.2984389272809316,3.8069349134199286
2015-05-13,5.87500614362482,4.293853415592268,5.357166319454137
2015-05-14,3.336305765366375,7.588565483055908,4.553405665178461
2015-05-15,3.513253378034537,9.356772427051746,3.720474953058249
2015-05-16,6.223455666161289,4.353420793095329,1.6634984821470107
2015-05-17,6.0913121043094645,6.3667115485295085,0.9361490402560971
2015-05-18,5.25490207894143,3.4004661800970735,2.332991863604226
2015-05-19,7.273049941724599,3.14093115391353,3.304458448854313
2015-05-20,3.4444968559790143,5.790411884819721,2.7025015355604163
2015-05-21,3.4824580285379514,7.447316405906533,5.409584373755075
2015-05-22,2.2763756460802087,8.195456811210219,5.137193775281949
2015-05-23,3.9169591271994544,4.777854084516934,4.668728037198093
2015-05-24,1.4733862887413496,2.7358110697505165,2.373679393538052
2015-05-25,3.239525045620679,2.07657648662813,1.4353907152655092
2015-05-26,5.534443313075733,2.523527790364583,2.9199320568717355
2015-05-27,4.711535312815586,5.683944251529878,2.2807852835538376
2015-05-28,7.254881790006423,5.105642816620299,1.688996853161636
2015-05-29,5.218307735165025,3.0242911990423647,4.330429885579399
2015-05-30,8.710788612146423,2.5308694015808526,3.3032203524252273
2015-05-31,7.880843036404136,1.595839129204416,1.7073674688985883
2015-06-01,4.523749188590104,1.3262251226827328,2.718031349312178
2015-06-02,12.482814106124092,1.9223875295709512,2.4614418579184814
2015-06-03,9.515897890266606,2.3019417403075453,1.7461547492773009
2015-06-04,3.0621609825021476,2.3735478661078284,1.4827484524220527
2015-06-05,5.350653955145737,2.8805101705703318,0.7572589718204714
2015-06-06,5.576406604100521,1.8080498779609933,2.017227614456644
2015-06-07,4.158711194653119,1.8059206103476257,2.5500064488301346
2015-06-08,6.090763553785745,1.439904754720614,2.5978578224985935
2015-06-09,5.205544258961407,1.1851586948375052,4.182027032615422
2015-06-10,4.1293564649014,1.9349887714077842,1.8171954777757042
2015-06-11,3.0563189211438484,2.446684578408092,0.9814646478416917
2015-06-12,2.1677144043897494,4.304080922694393,2.1135292471105664
2015-06-13,4.822028710074183,5.36454771195263,1.940861316278483
2015-06-14,4.09545404579157,5.636310942943329,1.838316495610413
2015-06-15,4.4910336932468375,3.7852767915118757,1.2214868180820564
2015-06-16,3.9663105617219263,2.9049914340247507,3.0786059177865144
2015-06-17,3.527175366889033,5.122427307157763,2.4274784366772435
2015-06-18,7.73262907401225,6.855102764273152,2.5457033803585527
2015-06-19,6.779865549862988,3.7033344199508895,2.537199361789068
2015-06-20,4.66688791200377,4.067262866416063,2.662522618150264
2015-06-21,3.888335749545988,4.324521308588128,2.3567655291981295
2015-06-22,6.170068761370493,3.9262738450144132,4.977511679419387
2015-06-23,7.542935394026825,6.1899275092847965,3.2214811791147
2015-06-24,5.222121643656222,5.419241062831911,1.0478460382432229
2015-06-25,2.1435438148858705,3.908251000024174,1.0722516987556214
2015-06-26,1.942860424575797,4.799007303521683,0.8779628327752647
2015-06-27,6.1664123337386,4.079399651481568,3.6145597660676723
2015-06-28,2.2719858308382337,3.630745088133831,0.9428333307702994
2015-06-29,2.837252749450898,3.037437505322813,0.8311824795120129
2015-06-30,2.65274450688329,2.621040057881271,1.2253151645981595
2015-07-01,5.199996804298183,2.417958739955714,0.9125833845895959
2015-07-02,6.109486939528799,1.9326327182196423,0.9875816809213965
2015-07-03,2.958144018513783,2.301762240661478,1.0143779031346223
2015-07-04,3.496029751203719,2.1103674555026655,1.2553536660488873
2015-07-05,3.4808870869894077,1.3729588514877789,1.880482788977588
2015-07-06,5.232433433094971,1.4956573971243299,1.039628456398914
2015-07-07,4.462317922616077,1.6063464707352848,3.9532686858482657
2015-07-08,12.25999794912941,4.349055009485786,6.489576412953003
2015-07-09,11.335055817993611,5.260205661668239,3.2136900753672437
2015-07-10,5.881279800559882,4.8664645849298775,1.8752246300283115
2015-07-11,3.2695246660047435,2.5338666591629915,4.5620241229317475
2015-07-12,4.9631877581225785,2.2552490493929236,1.736698952144273
2015-07-13,5.424924356418704,2.769068609305492,1.7656204146658265
2015-07-14,6.105243865564409,2.0935635524170797,1.7679301494273472
2015-07-15,2.551916182587906,1.7428678369750745,0.7060343861315752
2015-07-16,2.1515700430169478,2.071333117332683,0.6864858709842807
2015-07-17,5.264961684634249,2.1158094676916965,1.8756515570894332
2015-07-18,4.82169865184642,2.4977318439566782,1.2013854911551292
2015-07-19,6.499942022019253,2.9852940637312186,3.7977596170855823
2015-07-20,4.119878738825815,2.3510950497203242,0.8983537440367537
2015-07-21,5.537991228244219,2.088539082088909,0.5498875850075162
2015-07-22,3.4014926668278633,1.9633327908930964,1.0983261028991902
2015-07-23,3.4598916800956867,1.9507882900301143,1.374869947555514
2015-07-24,3.583689145701963,2.1509584736891205,1.8982984817747903
2015-07-25,14.192224592793004,3.6894509702027625,7.202101396370587
2015-07-26,6.4056808908538665,4.136900880095863,2.115652119056895
2015-07-27,11.019904948425735,6.117309101123711,8.240916255540755
2015-07-28,12.653703574058243,4.775576477906481,4.903571443081757
2015-07-29,10.654284131432025,4.571554404980168,3.067881810386898
2015-07-30,9.285057817690413,3.761239866938898,1.5889346885979134
2015-07-31,4.437256487245789,4.176820889619336,3.054204674520381
2015-08-01,2.510563270713747,2.5841776546471755,0.7516823995041981
2015-08-02,2.562957378310995,1.9787498008614615,1.600918374650098
2015-08-03,3.8646391923775876,2.701290923543619,1.0319389779630699
2015-08-04,5.538644569108412,2.4064749933873193,2.567021265980437
2015-08-05,2.8605635313212012,2.18688055311394,1.1028455305021514
2015-08-06,3.109819589163221,2.6980410620597235,1.3589787421527186
2015-08-07,2.7240699161130366,2.7836796518246487,0.9548131349724515
2015-08-08,4.5819561740419505,2.0313948460453006,1.6183926737254328
2015-08-09,3.8383602111148,2.236623315319546,1.93857608095273
2015-08-10,3.3541461394947722,2.7264218360298726,1.5968545760313386
2015-08-11,3.276028747596647,3.168563459040582,1.0954385780959195
2015-08-12,3.2870928522338,3.344334947675266,0.9487768958720624
2015-08-13,5.987131356128805,2.540609622045424,1.4468629955968855
2015-08-14,5.105003095050403,2.795328810628151,1.4786448281937967
2015-08-15,2.9412773940140853,3.0998399698618946,2.4509852767086437
2015-08-16,3.5538834959190755,5.005256884385375,1.3719859736529603
2015-08-17,4.8557609485289595,4.69264749675756,1.1966871473560505
2015-08-18,3.235095976342514,2.692799227164532,1.201975175280927
2015-08-19,1.7472880193491216,3.034594498980808,1.584816052518713
2015-08-20,1.575265359468685,3.5204922802212346,0.793582685847242
2015-08-21,2.223705445708177,4.025140307467895,1.2657576680959226
2015-08-22,4.766459994904057,3.0664770011309477,1.28667748058062
2015-08-23,7.576679666472653,2.9844898058114424,2.14525519906881
2015-08-24,7.495221525472953,5.56737559197654,5.0065349510353325
2015-08-25,10.428047976923267,3.607840235328278,2.051879781857642
2015-08-26,7.44979225276906,2.1142618447335355,1.5370418221788584
2015-08-27,6.269704003025371,1.5007073004531712,3.7572736412844847
2015-08-28,3.496157803420391,1.4828663512042548,2.1068433594467577
2015-08-29,2.1077413639593447,2.354592465546554,1.1245573524184043
2015-08-30,2.356223640070311,1.988820636574701,1.2471967358411076
2015-08-31,4.50034480942586,1.9667440893676607,2.785580551664425
2015-09-01,6.8446264272510735,2.577872013052601,3.702129349192561
2015-09-02,3.9419388517165888,3.2565919920379844,1.0547130269399514
2015-09-03,2.2151117010180825,3.656173434010404,0.9810444298421203
2015-09-04,6.049883784014038,2.9189868629856193,1.3432914298836456
2015-09-05,10.656789304769523,6.818463382952551,2.2829892041840827
2015-09-06,12.269367740076841,3.242601060938386,2.1953490848775616
2015-09-07,5.898531150692297,3.609536473881503,2.358136579540931
2015-09-08,3.2151791893632766,4.467545737580394,2.572715856296381
2015-09-09,4.564681556725852,5.3283232815280375,2.5771703037829634
2015-09-10,6.205397383257301,5.074900819824143,1.9005684744093918
2015-09-11,4.686100740598909,1.7890108931571562,2.2142841299158715
2015-09-12,5.228234800907323,2.5525829261456168,2.995697858262651
2015-09-13,4.910676117927869,5.027094279861123,2.8815374879977247
2015-09-14,7.62798924006331,8.639535493506322,4.627589315475743
2015-09-15,9.60139065658655,5.443203840817644,3.728352121958317
2015-09-16,9.488099783443701,7.19004460547615,10.636932278328228
2015-09-17,10.941691964103494,7.738776886341597,6.9400202836958105
2015-09-18,5.468765475025471,4.72037121651952,1.3117295341509214
2015-09-19,3.965478949171745,3.6392394219248425,1.7872947691973957
2015-09-20,5.5352876842296865,6.873761122548427,1.6358654802951764
2015-09-21,3.641809767425866,7.546471806840172,1.1057534791196801
2015-09-22,6.047342826814394,3.7165559091132954,4.430246925394995
2015-09-23,4.111164544474316,7.076271828918085,3.4985599888982724
2015-09-24,5.3146647259007995,6.756569292469842,1.1491028555512481
2015-09-25,3.0659760044774362,3.844736639315129,1.7229437553383766
2015-09-26,4.057186175407999,3.8761480444039442,3.7008727949449827
2015-09-27,5.401205837529365,5.351631763720929,4.861113395362709
2015-09-28,5.886724303240592,7.098775168530522,7.192881993393817
2015-09-29,8.572187722694636,7.004486653047352,4.859180168585332
2015-09-30,7.410171378361515,6.7764385719747455,3.7940920372916285
2015-10-01,5.317223054470177,8.993401147788004,3.0982166470547634
2015-10-02,4.032448299491522,8.98770320924826,1.8740370668188047
2015-10-03,2.876046515006978,3.4357762237954805,2.3484002120510654
2015-10-04,3.1615889552313785,5.0914310826139655,1.9532216309883241
2015-10-05,4.322909650071206,3.029832827843808,2.4356080158049314
2015-10-06,7.02982483862216,4.25424866007538,2.6499858250453263
2015-10-07,6.150589560900257,5.5879128836271,3.2574602637799517
2015-10-08,2.455742931242563,3.30124468325854,0.8539740791970696
2015-10-09,2.9237902640520446,4.076145323547059,1.5285338925298346
2015-10-10,6.565840331388954,10.872578681164354,2.9698638625562634
2015-10-11,8.38044588199681,7.594062419534594,3.202472350346197
2015-10-12,5.718938024198562,3.070066032034706,0.7942735678511899
2015-10-13,3.629652541766529,5.2785736481379155,1.4737884829745165
2015-10-14,3.5973391764255416,7.249838648345598,1.5955251991861419
2015-10-15,4.105337034514884,8.272507148874531,1.7275604276373406
2015-10-16,1.728134092076537,4.704369302079065,0.6173050522424944
2015-10-17,1.2897408348102766,1.943541263435825,0.7176639403399522
2015-10-18,1.3873341075332948,1.85469033322568,0.7562958880197235
2015-10-19,1.5874433569383097,3.462844236568398,1.680809344616797
2015-10-20,2.0056392793536744,4.3053154587400355,2.135102800833911
2015-10-21,3.1995128135690747,8.085975902862934,1.1707222119935246
2015-10-22,7.288455914461215,10.183974817707602,1.2578496273513435
2015-10-23,4.816774399126663,9.410370489644388,1.5549536146631633
2015-10-24,4.516024706098137,3.9755398323890008,2.1128037127344217
2015-10-25,3.8783643299668236,1.2349102898128417,1.8021296979767536
2015-10-26,5.155186686134291,1.8649828170303042,1.837057453853862
2015-10-27,4.472794087222666,2.169058540307751,2.0090208099602744
2015-10-28,4.125940725272268,3.987358739519875,2.2675221398352328
2015-10-29,1.5483197149526584,4.32693913068262,1.4659936111785337
2015-10-30,3.5700586688617397,6.1007519642289,1.4488746677567217
2015-10-31,5.774408074330805,9.640519655149562,2.3230305669249596
2015-11-01,2.994729378334341,8.89216997146622,1.9752273492229198
2015-11-02,2.497824784469629,5.155781063660704,2.7488937475656057
2015-11-03,2.117924198652526,2.319016827080948,3.158297794119301
2015-11-04,3.541500433554398,1.704781245565353,0.9803355998004609
2015-11-05,3.5638533900670657,1.5810380229276357,0.761782647072693
2015-11-06,6.983462232023157,2.3420806400308054,1.7178238317784427
2015-11-07,8.87485306902243,2.6465072960631626,1.1357458564405696
2015-11-08,7.712520997784604,2.5391867364774505,1.6899400919788112
2015-11-09,14.591379110911861,4.604915109030363,4.826624714914524
2015-11-10,13.876209642282241,3.181898677113071,1.1878365025308764
2015-11-11,8.470604835917014,1.8633399093354122,0.6474810957867213
2015-11-12,6.640097108635236,1.1599754300264224,0.7890695535375172
2015-11-13,10.960673011188208,1.3288893686767105,2.9453214218
2015-11-14,13.519497418171634,2.389310461218626,3.013452508383998
2015-11-15,15.490204978534349,2.728647637114895,6.525494737969783
2015-11-16,10.922134859782263,1.8155300863388193,3.0536361435467927
2015-11-17,14.057695400674673,1.8655285865029165,6.654881847251627
2015-11-18,19.35354894751074,2.3182888452341497,6.953114648784356
2015-11-19,18.107157519204993,2.0491948988997084,9.057786690923361
2015-11-20,8.890587005338258,8.058761740709999,13.681258660591741
2015-11-21,5.212317923516057,14.474023953238682,5.009310803553076
2015-11-22,7.108708140229749,8.330742714318927,3.0352903579015935
2015-11-23,4.506109565864978,3.717304191511063,0.9427936695055918
2015-11-24,8.480252885215368,3.687181871124755,1.5460322728103992
2015-11-25,5.659041243270181,6.126912986762068,2.759218454385555
2015-11-26,3.4339788171253676,12.222419981842684,3.7126595435286127
2015-11-27,4.806744410995692,11.018675961878632,1.7715244664947336
2015-11-28,11.212771319921812,5.894852368645196,3.8025948522600177
2015-11-29,18.98913815628105,4.9974583058934305,10.84809052940971
2015-11-30,18.25852018540717,5.916210412604061,11.45778991450169
2015-12-01,12.220172013376224,5.010481438829991,5.862015541678088
2015-12-02,8.100561233954895,1.4778329934360286,0.7271790711560957
2015-12-03,6.306424004687113,0.9036559840036416,1.287979057894534
2015-12-04,10.959918737247303,0.8879495334240475,2.2370621496441023
2015-12-05,11.529323767409707,0.980190142789231,1.341290745533298
2015-12-06,13.847279667993895,1.4938295530645782,3.0964068678204693
2015-12-07,4.384730192426328,1.8750306695073102,1.1550452048080888
2015-12-08,5.55017819204423,1.7061305559542415,1.533826383378001
2015-12-09,6.623860299361341,2.724165705829346,1.904860400136512
2015-12-10,8.129518384706627,5.4788508384376975,1.9697407809917475
2015-12-11,11.823613483628918,4.764988574604686,3.0164713653336417
2015-12-12,9.687892791497282,2.6262220040310145,1.3192370103370215
2015-12-13,8.09244083583307,1.5137423615659023,0.9031898463119482
2015-12-14,3.8516991598947654,0.9045416274795003,1.2788529166164087
2015-12-15,3.308234563979859,1.496300594112309,1.8543866782221237
2015-12-16,6.988446758432002,3.779617967492267,3.64935628150121
2015-12-17,8.642319406662743,3.186093992486236,1.505600715241499
2015-12-18,7.9313115117335,1.807739041196172,1.623265419545545
2015-12-19,6.633930561672134,1.7134655584426834,1.1885605756420834
2015-12-20,8.08049958184378,2.1327672102444093,3.3231817374020634
2015-12-21,13.286130608976881,2.144239170203933,4.851785761914445
2015-12-22,14.732151108980798,2.462063212451485,3.009813981163039
2015-12-23,12.220284426451826,2.3485581305093226,2.72516317673961
2015-12-24,9.397078075113779,2.0942372753451117,3.340793165715494
2015-12-25,9.720389793924749,2.3473550698497463,2.254267089057419
2015-12-26,13.098547385062366,1.8928769227447797,1.5601598348756345
2015-12-27,9.572988930738314,1.4985198662364605,1.3686918610437737
2015-12-28,5.132299513075855,1.6305673281385586,1.5251168195647262
2015-12-29,6.314739215299818,3.5336146981158194,1.2341039991253218
2015-12-30,8.179761465389262,5.735827733388958,2.806243533244843
2015-12-31,7.420668386921519,3.066402273232121,2.0563695008356717
2016-01-01,2.813174514771727,1.0837275752923228,1.3824752355282857
2016-01-02,8.899370494477793,5.468386377022997,2.548437288179641
2016-01-03,9.373465322194939,9.12997755546943,2.7812976758140144
2016-01-04,8.095531780263988,7.416673590581944,6.971360093947739
2016-01-05,6.171560639496725,4.8421555304359405,3.914420957181507
2016-01-06,4.176918186537696,7.54322603165651,2.544980343015231
2016-01-07,8.762441958752408,8.158332650893,6.824822926421476
2016-01-08,11.0117972709852,5.576143290861887,2.8586846338119907
2016-01-09,4.7570667129130815,7.665572054127567,1.80292245016968
2016-01-10,9.021184264199155,10.025232069506284,4.765314811817521
2016-01-11,7.44789847007901,15.524200140574273,9.35545256434668
2016-01-12,11.440569892911572,14.43607751259147,12.25065828700424
2016-01-13,12.008269011111544,11.434945940337396,9.646600427224644
2016-01-14,7.331212829413818,6.873492176270958,3.9237213913278017
2016-01-15,7.955398622254425,9.620960664489164,8.753615036581337
2016-01-16,4.972648094202601,11.600255549386441,4.238084361853872
2016-01-17,4.72065334113913,12.363749690678972,4.859534144859117
2016-01-18,2.758909794835494,6.9099752537383745,2.135699587880272
2016-01-19,3.971600491046193,3.752415470716442,1.4281062593542275
2016-01-20,4.333974581670495,1.8970548941017784,0.42022913133615225
2016-01-21,2.701324149560684,2.4049826848031697,1.7621748421210506
2016-01-22,5.821176043555418,3.095989386480748,2.0380464632310042
2016-01-23,8.148326776343605,2.5331730755182127,3.3540131688095602
2016-01-24,7.151410534019439,3.6445627033823675,1.4132651058437866
2016-01-25,8.789131340768623,3.7175561899427327,1.8162325927202945
2016-01-26,11.546360773672031,3.9545917352752222,2.5291368550151674
2016-01-27,15.943402156820166,2.029736355894611,3.8013244105661186
2016-01-28,10.74408796499494,2.5364462357707,3.381708136565063
2016-01-29,13.959796699265217,1.9219570887421367,1.995245820171314
2016-01-30,16.541315774618546,4.924776139338142,8.58425070221472
2016-01-31,12.021547802630424,9.976359033233777,10.13397191944575
2016-02-01,16.766195232577218,4.538906600660265,8.095834011857407
2016-02-02,17.95775796650392,3.8229260739222553,5.260272124671968
2016-02-03,12.441666145193127,8.58967188732309,5.800708572448566
2016-02-04,10.552775767505501,12.24117089330667,9.73828793813133
2016-02-05,7.068200581056496,6.834221746404795,2.9421139635502187
2016-02-06,10.693612768929105,4.254732913857811,6.937715352419362
2016-02-07,11.75522960981704,10.65284535122876,6.74153880061987
2016-02-08,19.287578584939705,7.662484728831018,12.196214041620811
2016-02-09,16.985285481630378,11.532717309479622,13.026134663840562
2016-02-10,12.416100999409132,15.271181289659559,10.112608627833515
2016-02-11,9.06981697320634,5.477335300497046,1.5847854022986398
2016-02-12,3.8127840817005794,7.5122506436804555,3.7869624666396984
2016-02-13,5.866489990138985,10.181633149679325,9.138396415877775
2016-02-14,6.734593632928594,9.03899908763884,3.614756149600644
2016-02-15,5.892661879296909,7.8058476008495274,2.5551381259687753
2016-02-16,4.211528108470107,8.815647114592936,5.442320074214522
2016-02-17,5.541233102095888,4.991002177707893,1.0938325970226543
2016-02-18,2.6046633356226407,6.03498264845019,0.9005329864813133
2016-02-19,4.177984699963722,6.621860034025451,2.9495078678021707
2016-02-20,14.374617608350603,8.000598167463554,8.679054262563143
2016-02-21,17.943761086807285,6.406267671694705,8.858602966573743
2016-02-22,14.411351699251584,4.834391825528505,4.740209109000379
2016-02-23,7.748931961562831,6.609737096691976,6.177824318505948
2016-02-24,5.672978365398718,6.130165432321679,1.2864368716945371
2016-02-25,4.382074869721198,5.125068805800588,1.6599169486491856
2016-02-26,3.4258945805119807,5.359850461241774,2.141599619030968
2016-02-27,5.309745300458042,9.317610829134265,4.121522489374882
2016-02-28,7.300113218129786,13.795507150594455,3.4713063870539194
2016-02-29,8.989844011083974,11.104882138325555,4.484641146456885
2016-03-01,6.125314018886002,6.45624175927865,3.0850724821451285
2016-03-02,10.683859736077524,7.153156184403027,7.392387451012803
2016-03-03,4.200197294921333,14.096179621987886,7.009106997267553
2016-03-04,7.192758549711717,8.116066804544536,5.361715387083895
2016-03-05,3.3990130776349803,12.365134260592892,2.9789482536283183
2016-03-06,5.405036324109543,5.797435010969192,3.480128186682401
2016-03-07,2.0550289920803246,5.290076442770805,1.080143001219814
2016-03-08,2.4879835510010917,4.8978086471542595,1.3441006693195927
2016-03-09,6.823241266618379,5.253356265008855,1.7402294557254192
2016-03-10,4.156974238585829,4.947598241337188,2.220269709868359
2016-03-11,4.624594142309434,6.800297210879825,3.843711375348918
2016-03-12,4.775765053094883,8.878544216754578,3.680525257098233
2016-03-13,6.955948021820287,10.038573064171187,6.3553944741602395
2016-03-14,5.231926893948111,7.084204086163908,3.2446766866761085
2016-03-15,6.159175630200486,2.8776505361488667,2.1067741592780003
2016-03-16,9.342309589546657,7.427426811494788,6.164809334840772
2016-03-17,2.828045749600278,6.8385941341842305,1.3659133103659908
2016-03-18,3.330585562168149,3.330951390668662,0.7977029012152933
2016-03-19,2.945930714421031,3.0396548782499133,1.1253097645551937
2016-03-20,6.502623238538691,3.7122526297204157,0.8309605358364867
2016-03-21,7.2103326114000295,5.459666473364712,1.5192533509202488
2016-03-22,4.997457751693564,9.245354623180766,4.685505860539991
2016-03-23,4.911360548352433,12.969181348861405,5.715962937130863
2016-03-24,2.850504723768851,7.88652698890132,1.400178999016136
2016-03-25,6.238414741441737,4.294277818716583,4.330576614638074
2016-03-26,5.927564587466063,2.7757225966839747,2.0957115504178985
2016-03-27,9.80071842348565,3.7367608890674995,4.098074324086493
2016-03-28,12.352015924050132,4.932003587224629,7.819920525561672
2016-03-29,11.28587492897836,4.6621267976809255,6.379369809662961
2016-03-30,7.7430371136606935,5.010136151149804,5.2293230566282745
2016-03-31,4.243616245836299,7.155718936994902,5.764895886706141
2016-04-01,4.106111348907465,6.1051912552196494,2.3560020204268004
2016-04-02,5.829943918573202,6.423442257110627,2.757560116106084
2016-04-03,3.513477284691323,3.0549449601570964,2.940929805889809
2016-04-04,3.9764994192488214,3.6150125396009045,2.2311252072666288
2016-04-05,4.5731108922455945,3.955712734010691,2.1655525085227456
2016-04-06,9.647374036577263,2.891430368493153,1.6706042977536184
2016-04-07,7.9934530012558,4.6329303112371445,2.8073993574525455
2016-04-08,2.6175288902671214,5.497351972802157,3.0602063691651815
2016-04-09,2.397107968256515,6.1009997903990065,1.4156912977075875
2016-04-10,4.225522017515985,5.530317235502123,1.2919718385372911
2016-04-11,5.453901586163277,4.977649697420888,1.2843718490023353
2016-04-12,2.127611354334655,4.359812211607694,1.6191662692013578
2016-04-13,2.522959046863174,6.555197186170213,2.5955499847380934
2016-04-14,2.816715371938814,5.963307979903333,1.7762880145738253
2016-04-15,7.788488157095238,4.5705522810510395,4.209725858158874
2016-04-16,8.638042561676095,7.522619158921638,6.9705948844651795
2016-04-17,4.832457052839859,8.443789922905033,3.731604058524702
2016-04-18,5.62438431025647,6.853667090772845,1.7138236087048786
2016-04-19,8.771095748875165,7.447107196842579,2.13020933659452
2016-04-20,5.582585481258388,7.448581528835133,4.1989794576402515
2016-04-21,3.632139712104941,3.898818552771837,1.6791051756626276
2016-04-22,3.766559454442521,2.966439112861208,1.765032479852936
2016-04-23,5.276616124826097,5.295465824601737,2.6637040963633996
2016-04-24,5.222972918848175,11.410638954844323,4.774329052014051
2016-04-25,7.697395865664451,10.280468495131151,4.778112297786601
2016-04-26,8.886711289720662,7.476388594862833,8.429611672610505
2016-04-27,9.89423012292048,8.515984182242983,3.765815231021536
2016-04-28,4.870400692171394,3.457941368766304,0.9892123287149283
2016-04-29,6.488472079475929,3.2246598333396204,0.7364199903018489
2016-04-30,4.260390963125579,3.083798183109537,1.3382240311139677
2016-05-01,7.261623717978349,5.491674671267081,2.889305927129106
2016-05-02,2.7884140699595523,8.352816021154016,2.6666021178901063
2016-05-03,6.8599906963012245,8.88987512479137,3.6550739063527224
2016-05-04,3.8894694035938087,7.32841762147524,3.84888904096317
2016-05-05,5.727253908465412,5.459967336903868,4.000570497110429
2016-05-06,6.970183526161341,3.1220151518803405,1.948006520453424
2016-05-07,8.660174630047887,3.668137698075109,1.5698930086057938
2016-05-08,10.606931564934442,3.628234671369519,2.5562904801824504
2016-05-09,9.066251196394916,3.4294093149121023,2.2781394896323532
2016-05-10,6.441696550286348,4.633767229947037,2.0088360880274903
2016-05-11,7.903671667163744,5.714568490151342,1.5887083081848468
2016-05-12,8.449046678034223,7.92680566926455,3.8723196339412222
2016-05-13,6.324329067376949,9.87854984823181,2.7443651877770794
2016-05-14,8.80811183045875,7.061614789411002,3.0781636387793125
2016-05-15,9.048054043175267,7.035481183140601,2.600302189807449
2016-05-16,6.673694093030489,4.568174856868775,1.9819624441987427
2016-05-17,5.669819090357412,2.7539304796198225,1.0686987316377952
2016-05-18,3.2721704874059347,2.6392111488250296,2.6238590955045926
2016-05-19,2.9541798294257733,6.776211911278764,3.573565290680508
2016-05-20,5.07738893001303,7.048252805118385,0.7495285781841362
2016-05-21,4.069505727619908,6.719615847522156,1.2179667862814108
2016-05-22,6.719103335189453,3.5938086746110764,5.2926957309813325
2016-05-23,5.086156979790502,11.013342158249818,4.604278243837886
2016-05-24,5.544388339071309,7.144551423653772,2.1952905704442798
2016-05-25,1.3981978472512349,3.1327407995067613,0.8530500925066965
2016-05-26,1.702602642693385,2.459639612458746,0.6615141803289886
2016-05-27,2.0326747576153816,2.2328603578106727,1.4430646652551549
2016-05-28,2.5931222832714194,2.588341377295166,1.2179363636831455
2016-05-29,4.5619428385232075,6.610253160128255,2.4308940746842795
2016-05-30,7.07145042016768,6.755991139953009,6.838600907315965
2016-05-31,3.0994774819543793,5.380948584146735,3.655680009000654
2016-06-01,4.471183777779274,3.544599556488284,0.951754386966784
2016-06-02,2.5672780443064136,3.6343391930646396,1.626606308288862
2016-06-03,3.2333673672258647,2.3418158411129797,0.8878690737171921
2016-06-04,2.02098446491487,1.5486535779134014,0.8098482372665664
2016-06-05,1.9089762238514205,1.4703357309197425,0.6601539790452284
2016-06-06,3.2727306205743094,1.7117022084646194,1.0076374715850753
2016-06-07,1.946211203216907,2.41281732330429,0.40562956139958883
2016-06-08,4.01722393198769,1.8259464362207496,1.4106457798433432
2016-06-09,3.1509884450781986,2.9128409081883038,2.3969473769336105
2016-06-10,3.804208751682585,1.8795668419575244,0.736989979764917
2016-06-11,1.693620697225338,3.766319502815242,2.915810046157411
2016-06-12,3.3079289847710154,4.1136541848100014,3.4107415874442695
2016-06-13,3.790154189565071,4.626790331331572,4.128820646648335
2016-06-14,3.2970514412419405,5.422419937460602,3.285059032319305
2016-06-15,3.1418156549356655,6.763755497009054,3.3297872773567248
2016-06-16,2.0441683693295376,10.599759690064666,3.310396679034593
2016-06-17,6.911598953339829,7.659306234489095,4.255307418093375
2016-06-18,4.55036489304799,2.8936049633049383,2.0090933386603433
2016-06-19,3.118693477210749,4.364850518993404,2.19297649642129
2016-06-20,4.900084977955988,2.9042631332296036,1.1051649750383181
2016-06-21,4.006916335117068,2.674415315938715,1.4212609277196897
2016-06-22,2.2016374550696582,3.794396067866072,0.9286385174094108
2016-06-23,5.178524919646119,4.283050465800293,0.7624380543018162
2016-06-24,2.8471573420595235,3.556340018194351,1.5399469154608965
2016-06-25,4.13102251370429,2.625125584602712,2.8953373875592634
2016-06-26,4.5892946313317555,3.2486486106534618,1.7084921623372549
2016-06-27,4.821574958138774,5.380039007040776,1.5189254923603346
2016-06-28,2.5654130417086645,4.809037411041395,1.019781523127114
2016-06-29,6.449153696243303,2.1785261607461823,2.1562186101497915
2016-06-30,4.648672544044535,1.9447325320309634,1.6785856027414539
2016-07-01,6.48916947067342,1.5420825038902166,1.4704296752564383
2016-07-02,7.2658321228262235,2.373628665990773,3.8060740467669976
2016-07-03,4.643969694489733,3.7119358617408373,1.5236924497155262
2016-07-04,2.064347572034313,3.2670112140099037,0.6006786847884974
2016-07-05,8.42344308767694,1.7938657840833585,2.1950997377123285
2016-07-06,9.839110292238379,2.3743876020649877,1.5925271692231742
2016-07-07,2.695895472916665,3.0765479245696565,0.9574928663580325
2016-07-08,6.565051718324926,2.5723314425375565,3.043438145641389
2016-07-09,5.909639698851957,1.7738300415668036,1.6794166056560178
2016-07-10,5.13776803384192,1.379512930430416,2.1168848240123914
2016-07-11,7.418380267402049,1.5983874109002234,2.4906460653999805
2016-07-12,4.162182492219444,2.782494209902777,1.9677091146750112
2016-07-13,3.205375176930654,7.037048023650607,4.437327202419889
2016-07-14,8.469804814112358,8.253104685643283,3.542803899597693
2016-07-15,7.3801028569017095,10.89613773374174,2.802234873249578
2016-07-16,3.622344621348345,7.965217422906675,2.8887664667831983
2016-07-17,4.079142857332914,4.855537858122304,1.2721414553064025
2016-07-18,3.8008014896336246,4.383496309213104,0.9063412235780249
2016-07-19,2.4324740974106986,4.307506966173773,0.644936410618767
2016-07-20,3.687143804042997,3.577999483524327,1.2536543241927853
2016-07-21,2.7383026313590686,2.0853239807060384,1.7318039232256248
2016-07-22,2.3335170001575687,2.810949115582412,1.077669261043062
2016-07-23,2.045661976551894,2.7988218188625087,0.6980212887043253
2016-07-24,1.3197788326253312,2.7472350109742862,1.075050705819956
2016-07-25,1.8365000134417189,2.9128004377950987,1.3925433208962492
2016-07-26,1.895234881400249,3.3320576785289635,1.138359868248394
2016-07-27,2.786818425436128,2.0734252275762586,1.22338127085657
2016-07-28,2.440196729231097,2.001449146647723,1.1263670495418547
2016-07-29,4.945836906799282,1.9651411415302231,1.7810650423925667
2016-07-30,4.115068501314032,2.1176094953917075,2.0836170313528792
2016-07-31,3.0822497267443536,3.038556337684367,2.8089561395198754
2016-08-01,3.9281723399151685,4.519211946202421,1.0055425654717318
2016-08-02,4.107275827721358,4.168594234619341,2.189391108386791
2016-08-03,7.192617666353495,2.915754478083657,1.549786644832721
2016-08-04,5.803963448020613,2.008298736814234,2.2336844890227487
2016-08-05,4.442100408386602,5.495535426699872,3.024902456057398
2016-08-06,4.892773649766546,6.811450203436416,2.074920470748994
2016-08-07,4.57331032161213,8.094872553492298,1.5337982842284597
2016-08-08,7.871123867908313,3.8471214251717623,1.6420811278879066
2016-08-09,4.4583537360405785,2.701588915796634,1.4070040510299169
2016-08-10,4.580740445949758,5.604812457681278,2.602162508581504
2016-08-11,5.277071212629384,6.778179987644019,1.0629205994560416
2016-08-12,5.735773275994707,5.808818112045542,1.2024282746353827
2016-08-13,6.2937644342727594,3.8933928389833428,0.475775953430532
2016-08-14,3.4900850671691126,1.8319879810726423,0.9000901162848342
2016-08-15,3.0590204830554324,1.6679648227590158,0.6261467657709154
2016-08-16,3.033664687788839,2.3332172902432005,0.6912983329818195
2016-08-17,2.37851014095464,2.877376771221589,0.9200061228650009
2016-08-18,2.1925264305293375,2.025509752013105,2.4202317297865408
2016-08-19,2.0133846532270616,2.0738966732786066,0.7316877750854089
2016-08-20,4.088612370032569,1.5693559550441711,1.7465517438703815
2016-08-21,6.568728789684846,3.0640300791325523,3.4753606675309676
2016-08-22,4.9202185710340185,7.407231561728256,1.5215662810978026
2016-08-23,2.9565963399441983,8.624508207537293,2.724281403258768
2016-08-24,4.9456167853947015,6.844112650796791,1.6717604487535407
2016-08-25,6.594489912641529,5.033982538201039,0.9698150626053756
2016-08-26,4.028218357749611,2.841641997375929,0.8167736434153319
2016-08-27,3.223860936251139,1.8015294389514847,0.8433171033408153
2016-08-28,5.712040579551073,1.9842454287602964,2.6535192638545295
2016-08-29,6.154565106850452,2.0913307325300305,1.7091214061005968
2016-08-30,3.45293928327953,2.6277729485469106,3.6757864768038457
2016-08-31,3.1332197814578002,1.8629677155130024,1.1930053626610153
2016-09-01,3.2504970799127753,1.7565677209816057,0.6607714471360671
2016-09-02,2.4245110284269162,3.249876177139007,0.5476175322921113
2016-09-03,3.8614328661057797,2.68544149808171,0.5489701908089872
2016-09-04,8.452796168742882,2.604111915006311,3.827242513796091
2016-09-05,6.117119463075942,6.181638423172611,2.7258870364240946
2016-09-06,2.730422815051896,9.029302990821373,4.538459345856316
2016-09-07,4.445300989219842,6.329058325742393,2.031137428859611
2016-09-08,4.65972402546537,4.257467041763209,1.8428004235104918
2016-09-09,2.626143588653099,4.350289685003129,1.060425035054002
2016-09-10,2.003906563034023,2.8148658655077385,0.5036624604597981
2016-09-11,2.3434387872129463,2.3373837401519295,0.7966695837297995
2016-09-12,3.2430032998404825,1.8881133128100762,1.2651875279652078
2016-09-13,4.998086319715681,1.3362661241240983,1.14424545806319
2016-09-14,6.574563420331671,1.508653320368119,2.1183310640898734
2016-09-15,6.782422992102295,3.00056508360571,2.1825515895811884
2016-09-16,2.9913706732206777,4.143137604759653,1.1502312166198585
2016-09-17,6.1063428727795905,5.999793947500515,1.6381459981998936
2016-09-18,6.387426273793749,4.156506384522878,1.9826914965444453
2016-09-19,3.240717899351118,6.2314898572981665,2.1623085388435936
2016-09-20,1.7200460836524012,3.9349720912965864,1.4992594569932733
2016-09-21,2.1870615603090546,3.850097612824837,1.429083818620382
2016-09-22,1.3830750335150497,3.9928292217464247,0.5173545847366691
2016-09-23,2.775252880476448,1.4811756181537028,0.8122293044634463
2016-09-24,2.908590003777001,1.9287432250472527,0.9704200523851587
2016-09-25,4.430320182651896,2.041555897224467,1.081376022130548
2016-09-26,2.333039831907676,2.2797445160551497,1.2854644820253565
2016-09-27,1.8961716525332402,2.340715797088941,0.6892532134452615
2016-09-28,9.72930038991817,2.7779864923194144,0.9820094979102114
2016-09-29,11.599467266197172,1.9553828631498982,3.1539759858406913
2016-09-30,5.709341288126809,2.9141257872038198,3.3173642357116355
2016-10-01,4.451787759430639,3.29072841573996,2.70472378072039
2016-10-02,6.099164830297712,3.7313480052958106,3.4101955342713386
2016-10-03,5.430413693001505,4.344995111773087,1.5882039982647964
2016-10-04,9.125025289862547,4.016665915632348,4.490023006042562
2016-10-05,9.609429185080915,5.127146436975446,5.4384268587968725
2016-10-06,8.088925550543799,3.68208749288849,4.087638124888802
2016-10-07,4.435487600870817,6.822101932270191,1.4503141413437772
2016-10-08,4.123694624313437,3.2219613936359695,1.1146786901755774
2016-10-09,1.9603926901028295,3.909165978301532,1.258945000100855
2016-10-10,1.2128149781413817,5.267299553203059,1.6175403615078707
2016-10-11,3.680323311112307,5.735732175553107,2.8332542366923748
2016-10-12,5.07809112845761,4.260921738660357,2.2345687104161227
2016-10-13,8.65053355556608,7.836388484272474,3.5865736649393316
2016-10-14,9.189671942862772,11.381131829359871,4.740561226230024
2016-10-15,4.721262035624895,4.8482510494538404,1.117457142045931
2016-10-16,3.321725562775501,2.8254125800876135,1.043428391752565
2016-10-17,3.6462172076886286,1.4128146743512335,0.9721969186188608
2016-10-18,4.332019587449906,1.7522063172218334,1.7682052901668703
2016-10-19,5.760854142591815,3.1600837076194517,2.822177831921282
2016-10-20,3.6210992278793905,4.346401245764714,2.339877692584405
2016-10-21,2.967063507702049,2.959713108591381,1.787592195241428
2016-10-22,1.9728434819957408,1.9907681665218266,0.8937188918775119
2016-10-23,3.0366961769823155,3.1011214366401263,3.7155368290014295
2016-10-24,3.4867859276900313,4.070063632194338,5.421652794589913
2016-10-25,2.6202810713862115,2.829907299906116,1.5595468049750214
2016-10-26,1.4456908614623947,2.8657820056544887,1.361521868958085
2016-10-27,4.605512056365173,9.69995584173695,1.5939116176313521
2016-10-28,7.599481408445884,10.246370105792327,0.8941312552022828
2016-10-29,6.46116542383392,5.545650620759441,2.2821066335476425
2016-10-30,3.1901334722969916,4.370877646243373,3.0227786210369736
2016-10-31,2.4401329084309387,5.131840308303951,1.5951175329787237
2016-11-01,5.06644143537626,1.6948185334684507,1.9641338273241646
2016-11-02,8.941558603301948,5.136281545742541,2.408648304186212
2016-11-03,3.4179408222328074,6.026006643037571,1.4789193327987504
2016-11-04,5.7578799695106895,2.8075715627356024,3.772142366269981
2016-11-05,5.682940604186115,9.673874258332022,4.596296571863713
2016-11-06,4.546893986705081,13.523800592766028,1.5537328646922195
2016-11-07,3.617615955570608,6.812859891273713,1.4819480931719144
2016-11-08,3.505006413649804,5.468910762366577,1.4480553587585925
2016-11-09,4.833623363257558,7.21557038751709,5.818723771002405
2016-11-10,5.3661027527441565,6.691459465286324,6.923530999210101
2016-11-11,4.086308991611958,10.190799376935926,5.013002008886294
2016-11-12,2.7968005261217157,9.181894090107402,1.0397090544276752
2016-11-13,4.398446861418861,2.769729989919731,0.7976292481028103
2016-11-14,5.248623249091185,5.717300349236422,0.8056929065363512
2016-11-15,8.637720650369719,4.748675097922422,1.064451089625947
2016-11-16,9.70793632882839,2.4850520520804738,2.6531352075355423
2016-11-17,12.13593607421572,2.4382042683494394,6.369864787084525
2016-11-18,13.9755842891279,4.782148537717055,9.42485107097796
2016-11-19,8.00412542642291,6.507125105609852,3.349306401984953
2016-11-20,13.499828163792595,3.487743080787809,8.045170357040435
2016-11-21,9.61161252349379,5.458824915453566,11.183844378972239
2016-11-22,4.8557549367943045,5.920635563715728,5.502847069474056
2016-11-23,2.5276804455960282,7.115627219434827,4.475622936168337
2016-11-24,5.819205717346673,8.981065540623888,5.283407410564935
2016-11-25,5.112020592627577,6.028040149282303,2.9756597746915343
2016-11-26,3.117527996223018,2.02975593423393,0.5461650911979392
2016-11-27,6.664238996955155,1.4996417650064473,1.9384813712961761
2016-11-28,5.906459228156895,6.631584359776826,7.557294618994889
2016-11-29,4.872677081237615,12.61671009751384,2.739895529964492
2016-11-30,8.781732732474326,6.990184433994406,1.158677926102554
2016-12-01,13.195206948807972,5.0584060707478455,1.13993380548394
2016-12-02,7.4149487281376,5.690729697643053,2.2640740060566875
2016-12-03,2.8340007483545664,2.286003349337479,2.6039628544206095
2016-12-04,3.369868769154062,3.5062090029186677,1.648877741571874
2016-12-05,2.9807003653569497,3.7078642150568557,1.3526600957331951
2016-12-06,2.568586024346099,2.9708790138358,1.073969243473437
2016-12-07,6.071960288411737,6.419969484039233,1.113190757425049
2016-12-08,9.878691645104759,2.903274786782991,1.710887571227113
2016-12-09,9.277058208597026,1.742727018311185,1.1234695874965803
2016-12-10,7.8553006661704945,2.3547224043165524,0.9262508276092309
2016-12-11,11.50681558903345,3.0997868666381647,2.4348223924516224
2016-12-12,5.155625859192596,5.590674939736038,1.4907542549802832
2016-12-13,3.7841577432847315,3.879406457428781,0.7445169660469496
2016-12-14,2.306710621172296,1.334521711810822,0.6793858642298038
2016-12-15,5.168066017978059,3.0997017760356114,0.991055433437049
2016-12-16,4.36126892745892,7.535935489627415,1.383460636563598
2016-12-17,2.6007280155344192,7.038077897642794,0.6659112739111254
2016-12-18,3.2633402637068136,2.31970815052329,0.6002657351323696
2016-12-19,3.6620320030529596,8.747225300994762,4.4267789853420245
2016-12-20,4.683548187860527,12.023321701583681,2.753068661208824
2016-12-21,5.5404149966210845,7.015436187597421,0.8897411062934144
2016-12-22,5.406624528367876,3.111578932697087,1.2893096557274952
2016-12-23,6.985526957127411,3.9059353011022306,0.9776358495383453
2016-12-24,14.39371316224622,3.967346915256263,5.147911163690754
2016-12-25,15.546885724554132,4.041094455440977,4.567470713242064
2016-12-26,15.48106396502481,3.194786881314191,2.2632126244129434
2016-12-27,13.798713298987252,6.181518232397471,2.1215614790840585
2016-12-28,5.679763389310397,8.39607690785296,3.069796570422979
2016-12-29,3.9467524369430236,11.4830313502136,2.3519402567874224
2016-12-30,4.218441320520251,7.623054536697959,0.4153171161408732
2016-12-31,5.257729946807186,3.428761236004666,0.6384960339387682
